{"properties":{"connectionReferences":{"shared_commondataservice":{"runtimeSource":"embedded","connection":{},"api":{"name":"shared_commondataservice"}},"shared_powerbi":{"runtimeSource":"embedded","connection":{},"api":{"name":"shared_powerbi"}}},"definition":{"$schema":"https://schema.management.azure.com/providers/Microsoft.Logic/schemas/2016-06-01/workflowdefinition.json#","contentVersion":"1.0.0.0","parameters":{"$connections":{"defaultValue":{},"type":"Object"},"$authentication":{"defaultValue":{},"type":"SecureObject"}},"triggers":{"Appointment_Started":{"metadata":{"flowSystemMetadata":{"swaggerOperationId":"SubscribeOnUpdatedItems"}},"type":"ApiConnectionWebhook","inputs":{"host":{"connection":{"name":"@parameters('$connections')['shared_commondataservice']['connectionId']"}},"body":{"NotificationUrl":"@{listCallbackUrl()}","AttributeFilters":["actualstart"]},"path":"/datasets/@{encodeURIComponent(encodeURIComponent('default.cds'))}/tables/@{encodeURIComponent(encodeURIComponent('appointments'))}/onupdateditemswebhook","queries":{"scope":"Organization"},"authentication":"@parameters('$authentication')"}}},"actions":{"Create_Check_In_Task":{"runAfter":{},"metadata":{"flowSystemMetadata":{"swaggerOperationId":"PostItem_V2"}},"type":"ApiConnection","inputs":{"host":{"connection":{"name":"@parameters('$connections')['shared_commondataservice']['connectionId']"}},"method":"post","body":{"crb8b_clinic":"@triggerBody()?['location']","crb8b_enrollstep":632410000,"crb8b_starttime":"@triggerBody()?['actualstart']","_crb8b_participant_value":"@triggerBody()?['_crb8b_contact_value']","crb8b_enrollid":"UO1111111","_crb8b_appointment_value":"@triggerBody()?['activityid']","_ownerid_type":""},"path":"/v2/datasets/@{encodeURIComponent(encodeURIComponent('default.cds'))}/tables/@{encodeURIComponent(encodeURIComponent('crb8b_aouenrolls'))}/items","authentication":"@parameters('$authentication')"}},"Power_BI_Stream":{"runAfter":{"varParticipant":["Succeeded"]},"metadata":{"flowSystemMetadata":{"swaggerOperationId":"AddRows"}},"type":"ApiConnection","inputs":{"host":{"connection":{"name":"@parameters('$connections')['shared_powerbi']['connectionId']"}},"method":"post","body":{"Participant":"@variables('varParticipant')","Stage":"@{body('Create_Check_In_Task')['crb8b_enrollstep']}","Clinic":"@body('Create_Check_In_Task')['crb8b_clinic']","Start":"@body('Create_Check_In_Task')['crb8b_starttime']","End":"@body('Create_Check_In_Task')?['crb8b_endtime']","RA":"@variables('varUser')"},"path":"/v1.0/myorg/groups/@{encodeURIComponent('214422c6-4ba1-4ea2-a5e4-25bbcf5511a9')}/datasets/@{encodeURIComponent('dca60e7b-2e7d-4ad2-9f3f-ac84ae3c0d7a')}/tables/@{encodeURIComponent('RealTimeData')}/rows","authentication":"@parameters('$authentication')"}},"Get_participant":{"runAfter":{"Create_Check_In_Task":["Succeeded"]},"metadata":{"flowSystemMetadata":{"swaggerOperationId":"GetItem_V2"}},"type":"ApiConnection","inputs":{"host":{"connection":{"name":"@parameters('$connections')['shared_commondataservice']['connectionId']"}},"method":"get","path":"/v2/datasets/@{encodeURIComponent(encodeURIComponent('default.cds'))}/tables/@{encodeURIComponent(encodeURIComponent('contacts'))}/items/@{encodeURIComponent(encodeURIComponent(triggerBody()?['_crb8b_contact_value']))}","authentication":"@parameters('$authentication')"}},"Get_user":{"runAfter":{"Get_participant":["Succeeded"]},"metadata":{"flowSystemMetadata":{"swaggerOperationId":"GetItem_V2"}},"type":"ApiConnection","inputs":{"host":{"connection":{"name":"@parameters('$connections')['shared_commondataservice']['connectionId']"}},"method":"get","path":"/v2/datasets/@{encodeURIComponent(encodeURIComponent('default.cds'))}/tables/@{encodeURIComponent(encodeURIComponent('systemusers'))}/items/@{encodeURIComponent(encodeURIComponent(triggerBody()?['_modifiedby_value']))}","authentication":"@parameters('$authentication')"}},"varParticipant":{"runAfter":{"varUser":["Succeeded"]},"type":"InitializeVariable","inputs":{"variables":[{"name":"varParticipant","type":"String","value":"@body('Get_participant')?['fullname']"}]}},"varUser":{"runAfter":{"Get_user":["Succeeded"]},"type":"InitializeVariable","inputs":{"variables":[{"name":"varUser","type":"String","value":"@body('Get_user')?['fullname']"}]}}}}},"schemaVersion":"1.0.0.0"}