{"properties":{"connectionReferences":{"shared_commondataservice":{"runtimeSource":"embedded","connection":{},"api":{"name":"shared_commondataservice"}},"shared_powerbi":{"runtimeSource":"embedded","connection":{},"api":{"name":"shared_powerbi"}}},"definition":{"$schema":"https://schema.management.azure.com/providers/Microsoft.Logic/schemas/2016-06-01/workflowdefinition.json#","contentVersion":"1.0.0.0","parameters":{"$connections":{"defaultValue":{},"type":"Object"},"$authentication":{"defaultValue":{},"type":"SecureObject"}},"triggers":{"Enrollment_Start":{"metadata":{"flowSystemMetadata":{"swaggerOperationId":"SubscribeOnUpdatedItems"}},"type":"ApiConnectionWebhook","inputs":{"host":{"connection":{"name":"@parameters('$connections')['shared_commondataservice']['connectionId']"}},"body":{"NotificationUrl":"@{listCallbackUrl()}","AttributeFilters":["crb8b_endtime"]},"path":"/datasets/@{encodeURIComponent(encodeURIComponent('default.cds'))}/tables/@{encodeURIComponent(encodeURIComponent('crb8b_aouenrolls'))}/onupdateditemswebhook","queries":{"scope":"Organization"},"authentication":"@parameters('$authentication')"}}},"actions":{"Determine_Enrollment_Stage":{"runAfter":{"varParticipant":["Succeeded"]},"cases":{"Literacy_Check":{"case":632410000,"actions":{"Create_Literacy_Check_Task":{"runAfter":{},"metadata":{"flowSystemMetadata":{"swaggerOperationId":"PostItem_V2"}},"type":"ApiConnection","inputs":{"host":{"connection":{"name":"@parameters('$connections')['shared_commondataservice']['connectionId']"}},"method":"post","body":{"crb8b_clinic":"@{triggerBody()?['location']}@{triggerBody()?['crb8b_clinic']}","crb8b_enrollstep":632410001,"crb8b_starttime":"@{utcNow()}","_crb8b_participant_value":"@triggerBody()?['_crb8b_participant_value']","_crb8b_appointment_value":"@triggerBody()?['_crb8b_appointment_value']","_ownerid_type":""},"path":"/v2/datasets/@{encodeURIComponent(encodeURIComponent('default.cds'))}/tables/@{encodeURIComponent(encodeURIComponent('crb8b_aouenrolls'))}/items","authentication":"@parameters('$authentication')"}},"Set_variable":{"runAfter":{"Set_variable_6":["Succeeded"]},"type":"SetVariable","inputs":{"name":"varStage","value":"@body('Create_Literacy_Check_Task')['crb8b_enrollstep']"}},"Set_variable_6":{"runAfter":{"Create_Literacy_Check_Task":["Succeeded"]},"type":"SetVariable","inputs":{"name":"varStageLabel","value":"Check In"}}}},"Enrollment":{"case":632410001,"actions":{"Create_Enrollment_Task":{"runAfter":{},"metadata":{"flowSystemMetadata":{"swaggerOperationId":"PostItem_V2"}},"type":"ApiConnection","inputs":{"host":{"connection":{"name":"@parameters('$connections')['shared_commondataservice']['connectionId']"}},"method":"post","body":{"crb8b_clinic":"@{triggerBody()?['location']}@{triggerBody()?['crb8b_clinic']}","crb8b_enrollstep":632410002,"crb8b_starttime":"@{utcNow()}","_crb8b_participant_value":"@triggerBody()?['_crb8b_participant_value']","_crb8b_appointment_value":"@triggerBody()?['_crb8b_appointment_value']","_ownerid_type":""},"path":"/v2/datasets/@{encodeURIComponent(encodeURIComponent('default.cds'))}/tables/@{encodeURIComponent(encodeURIComponent('crb8b_aouenrolls'))}/items","authentication":"@parameters('$authentication')"}},"Set_variable_2":{"runAfter":{"Set_variable_7":["Succeeded"]},"type":"SetVariable","inputs":{"name":"varStage","value":"@body('Create_Enrollment_Task')['crb8b_enrollstep']"}},"Set_variable_7":{"runAfter":{"Create_Enrollment_Task":["Succeeded"]},"type":"SetVariable","inputs":{"name":"varStageLabel","value":"Literacy Check"}}}},"Physical_Measurement":{"case":632410002,"actions":{"Create_Physical_Measurement_Task":{"runAfter":{},"metadata":{"flowSystemMetadata":{"swaggerOperationId":"PostItem_V2"}},"type":"ApiConnection","inputs":{"host":{"connection":{"name":"@parameters('$connections')['shared_commondataservice']['connectionId']"}},"method":"post","body":{"crb8b_clinic":"@triggerBody()?['crb8b_clinic']","crb8b_enrollstep":632410003,"crb8b_starttime":"@{utcNow()}","_crb8b_participant_value":"@triggerBody()?['_crb8b_participant_value']","_crb8b_appointment_value":"@triggerBody()?['_crb8b_appointment_value']","_ownerid_type":""},"path":"/v2/datasets/@{encodeURIComponent(encodeURIComponent('default.cds'))}/tables/@{encodeURIComponent(encodeURIComponent('crb8b_aouenrolls'))}/items","authentication":"@parameters('$authentication')"}},"Set_variable_3":{"runAfter":{"Set_variable_8":["Succeeded"]},"type":"SetVariable","inputs":{"name":"varStage","value":"@body('Create_Physical_Measurement_Task')['crb8b_enrollstep']"}},"Set_variable_8":{"runAfter":{"Create_Physical_Measurement_Task":["Succeeded"]},"type":"SetVariable","inputs":{"name":"varStageLabel","value":"Enrollment"}}}},"Phlebotomy":{"case":632410003,"actions":{"Create_Phlebotomy_Task":{"runAfter":{},"metadata":{"flowSystemMetadata":{"swaggerOperationId":"PostItem_V2"}},"type":"ApiConnection","inputs":{"host":{"connection":{"name":"@parameters('$connections')['shared_commondataservice']['connectionId']"}},"method":"post","body":{"crb8b_clinic":"@triggerBody()?['crb8b_clinic']","crb8b_enrollstep":632410004,"crb8b_starttime":"@{utcNow()}","_crb8b_participant_value":"@triggerBody()?['_crb8b_participant_value']","_crb8b_appointment_value":"@triggerBody()?['_crb8b_appointment_value']","_ownerid_type":""},"path":"/v2/datasets/@{encodeURIComponent(encodeURIComponent('default.cds'))}/tables/@{encodeURIComponent(encodeURIComponent('crb8b_aouenrolls'))}/items","authentication":"@parameters('$authentication')"}},"Set_variable_4":{"runAfter":{"Set_variable_9":["Succeeded"]},"type":"SetVariable","inputs":{"name":"varStage","value":"@body('Create_Phlebotomy_Task')['crb8b_enrollstep']"}},"Set_variable_9":{"runAfter":{"Create_Phlebotomy_Task":["Succeeded"]},"type":"SetVariable","inputs":{"name":"varStageLabel","value":"Physical Measurement"}}}},"Check_Out":{"case":632410004,"actions":{"Create_Check_Out_Task":{"runAfter":{},"metadata":{"flowSystemMetadata":{"swaggerOperationId":"PostItem_V2"}},"type":"ApiConnection","inputs":{"host":{"connection":{"name":"@parameters('$connections')['shared_commondataservice']['connectionId']"}},"method":"post","body":{"crb8b_clinic":"@triggerBody()?['crb8b_clinic']","crb8b_enrollstep":632410006,"crb8b_starttime":"@{utcNow()}","_crb8b_participant_value":"@triggerBody()?['_crb8b_participant_value']","_crb8b_appointment_value":"@triggerBody()?['_crb8b_appointment_value']","_ownerid_type":""},"path":"/v2/datasets/@{encodeURIComponent(encodeURIComponent('default.cds'))}/tables/@{encodeURIComponent(encodeURIComponent('crb8b_aouenrolls'))}/items","authentication":"@parameters('$authentication')"}},"Set_variable_5":{"runAfter":{"Create_Check_Out_Task":["Succeeded"]},"type":"SetVariable","inputs":{"name":"varStageLabel","value":"Phlebotomy"}},"Set_variable_10":{"runAfter":{"Set_variable_5":["Succeeded"]},"type":"SetVariable","inputs":{"name":"varStage","value":"@body('Create_Check_Out_Task')['crb8b_enrollstep']"}}}},"Close_Appointment":{"case":632410006,"actions":{"Update_Appointment_End_Time":{"runAfter":{},"metadata":{"flowSystemMetadata":{"swaggerOperationId":"PatchItem_V2"}},"type":"ApiConnection","inputs":{"host":{"connection":{"name":"@parameters('$connections')['shared_commondataservice']['connectionId']"}},"method":"patch","body":{"scheduledend":"@{utcNow()}","_ownerid_type":"","_regardingobjectid_type":""},"path":"/v2/datasets/@{encodeURIComponent(encodeURIComponent('default.cds'))}/tables/@{encodeURIComponent(encodeURIComponent('appointments'))}/items/@{encodeURIComponent(encodeURIComponent(triggerBody()?['_crb8b_appointment_value']))}","authentication":"@parameters('$authentication')"}},"Set_variable_11":{"runAfter":{"Update_Appointment_End_Time":["Succeeded"]},"type":"SetVariable","inputs":{"name":"varStageLabel","value":"Check Out"}}}}},"default":{"actions":{}},"expression":"@triggerBody()?['crb8b_enrollstep']","type":"Switch"},"varStage":{"runAfter":{"Compose":["Succeeded"]},"type":"InitializeVariable","inputs":{"variables":[{"name":"varStage","type":"Integer","value":632410000}]}},"varUser":{"runAfter":{"Get_user":["Succeeded"]},"type":"InitializeVariable","inputs":{"variables":[{"name":"varUser","type":"String","value":"@body('Get_user')?['fullname']"}]}},"varParticipant":{"runAfter":{"varUser":["Succeeded"]},"type":"InitializeVariable","inputs":{"variables":[{"name":"varParticipant","type":"String","value":"@body('Get_participant')?['fullname']"}]}},"Stream_to_AoU_Enroll_Dashboard":{"runAfter":{"Determine_Enrollment_Stage":["Succeeded"]},"metadata":{"flowSystemMetadata":{"swaggerOperationId":"AddRows"}},"type":"ApiConnection","inputs":{"host":{"connection":{"name":"@parameters('$connections')['shared_powerbi']['connectionId']"}},"method":"post","body":{"Participant":"@variables('varParticipant')","Stage":"@variables('varStageLabel')","Clinic":"@triggerBody()?['crb8b_clinic']","Start":"@triggerBody()?['crb8b_actualstarttime']","End":"@triggerBody()?['crb8b_endtime']","RA":"@variables('varUser')"},"path":"/v1.0/myorg/groups/@{encodeURIComponent('214422c6-4ba1-4ea2-a5e4-25bbcf5511a9')}/datasets/@{encodeURIComponent('dca60e7b-2e7d-4ad2-9f3f-ac84ae3c0d7a')}/tables/@{encodeURIComponent('RealTimeData')}/rows","authentication":"@parameters('$authentication')"}},"Initialize_variable":{"runAfter":{"varStage":["Succeeded"]},"type":"InitializeVariable","inputs":{"variables":[{"name":"varStageLabel","type":"String","value":"@{outputs('Compose')}"}]}},"Compose":{"runAfter":{},"type":"Compose","inputs":"@triggerBody()?['cr8b8_enrollstep_label']"},"Get_participant":{"runAfter":{"Initialize_variable":["Succeeded"]},"metadata":{"flowSystemMetadata":{"swaggerOperationId":"GetItem_V2"}},"type":"ApiConnection","inputs":{"host":{"connection":{"name":"@parameters('$connections')['shared_commondataservice']['connectionId']"}},"method":"get","path":"/v2/datasets/@{encodeURIComponent(encodeURIComponent('default.cds'))}/tables/@{encodeURIComponent(encodeURIComponent('contacts'))}/items/@{encodeURIComponent(encodeURIComponent(triggerBody()?['_crb8b_participant_value']))}","authentication":"@parameters('$authentication')"}},"Get_user":{"runAfter":{"Get_participant":["Succeeded"]},"metadata":{"flowSystemMetadata":{"swaggerOperationId":"GetItem_V2"}},"type":"ApiConnection","inputs":{"host":{"connection":{"name":"@parameters('$connections')['shared_commondataservice']['connectionId']"}},"method":"get","path":"/v2/datasets/@{encodeURIComponent(encodeURIComponent('default.cds'))}/tables/@{encodeURIComponent(encodeURIComponent('systemusers'))}/items/@{encodeURIComponent(encodeURIComponent(triggerBody()?['_modifiedby_value']))}","authentication":"@parameters('$authentication')"}}}}},"schemaVersion":"1.0.0.0"}