<ImportExportXml version="9.1.0.10968" SolutionPackageVersion="9.1" languagecode="1033" generatedBy="CrmLive" xmlns:xsi="http://www.w3.org/2001/XMLSchema-instance">
  <SolutionManifest>
    <UniqueName>AoUEngagementFramework</UniqueName>
    <LocalizedNames>
      <LocalizedName description="AoU Engagement Framework" languagecode="1033" />
    </LocalizedNames>
    <Descriptions />
    <Version>1.3</Version>
    <Managed>0</Managed>
    <Publisher>
      <UniqueName>urbanoutsourcing</UniqueName>
      <LocalizedNames>
        <LocalizedName description="Urban Outsourcing" languagecode="1033" />
      </LocalizedNames>
      <Descriptions />
      <EMailAddress xsi:nil="true"></EMailAddress>
      <SupportingWebsiteUrl xsi:nil="true"></SupportingWebsiteUrl>
      <CustomizationPrefix>uo</CustomizationPrefix>
      <CustomizationOptionValuePrefix>93666</CustomizationOptionValuePrefix>
      <Addresses>
        <Address>
          <AddressNumber>1</AddressNumber>
          <AddressTypeCode>1</AddressTypeCode>
          <City xsi:nil="true"></City>
          <County xsi:nil="true"></County>
          <Country xsi:nil="true"></Country>
          <Fax xsi:nil="true"></Fax>
          <FreightTermsCode xsi:nil="true"></FreightTermsCode>
          <ImportSequenceNumber xsi:nil="true"></ImportSequenceNumber>
          <Latitude xsi:nil="true"></Latitude>
          <Line1 xsi:nil="true"></Line1>
          <Line2 xsi:nil="true"></Line2>
          <Line3 xsi:nil="true"></Line3>
          <Longitude xsi:nil="true"></Longitude>
          <Name xsi:nil="true"></Name>
          <PostalCode xsi:nil="true"></PostalCode>
          <PostOfficeBox xsi:nil="true"></PostOfficeBox>
          <PrimaryContactName xsi:nil="true"></PrimaryContactName>
          <ShippingMethodCode>1</ShippingMethodCode>
          <StateOrProvince xsi:nil="true"></StateOrProvince>
          <Telephone1 xsi:nil="true"></Telephone1>
          <Telephone2 xsi:nil="true"></Telephone2>
          <Telephone3 xsi:nil="true"></Telephone3>
          <TimeZoneRuleVersionNumber xsi:nil="true"></TimeZoneRuleVersionNumber>
          <UPSZone xsi:nil="true"></UPSZone>
          <UTCOffset xsi:nil="true"></UTCOffset>
          <UTCConversionTimeZoneCode xsi:nil="true"></UTCConversionTimeZoneCode>
        </Address>
        <Address>
          <AddressNumber>2</AddressNumber>
          <AddressTypeCode>1</AddressTypeCode>
          <City xsi:nil="true"></City>
          <County xsi:nil="true"></County>
          <Country xsi:nil="true"></Country>
          <Fax xsi:nil="true"></Fax>
          <FreightTermsCode xsi:nil="true"></FreightTermsCode>
          <ImportSequenceNumber xsi:nil="true"></ImportSequenceNumber>
          <Latitude xsi:nil="true"></Latitude>
          <Line1 xsi:nil="true"></Line1>
          <Line2 xsi:nil="true"></Line2>
          <Line3 xsi:nil="true"></Line3>
          <Longitude xsi:nil="true"></Longitude>
          <Name xsi:nil="true"></Name>
          <PostalCode xsi:nil="true"></PostalCode>
          <PostOfficeBox xsi:nil="true"></PostOfficeBox>
          <PrimaryContactName xsi:nil="true"></PrimaryContactName>
          <ShippingMethodCode>1</ShippingMethodCode>
          <StateOrProvince xsi:nil="true"></StateOrProvince>
          <Telephone1 xsi:nil="true"></Telephone1>
          <Telephone2 xsi:nil="true"></Telephone2>
          <Telephone3 xsi:nil="true"></Telephone3>
          <TimeZoneRuleVersionNumber xsi:nil="true"></TimeZoneRuleVersionNumber>
          <UPSZone xsi:nil="true"></UPSZone>
          <UTCOffset xsi:nil="true"></UTCOffset>
          <UTCConversionTimeZoneCode xsi:nil="true"></UTCConversionTimeZoneCode>
        </Address>
      </Addresses>
    </Publisher>
    <RootComponents>
      <RootComponent type="1" schemaName="account" behavior="0" />
      <RootComponent type="1" schemaName="adx_bpf_c2857b638fa7473d8e2f112c232cebd8" behavior="2" />
      <RootComponent type="1" schemaName="adx_externalidentity" behavior="2" />
      <RootComponent type="1" schemaName="adx_invitation" behavior="2" />
      <RootComponent type="1" schemaName="adx_pagealert" behavior="2" />
      <RootComponent type="1" schemaName="adx_pagenotification" behavior="2" />
      <RootComponent type="1" schemaName="adx_pollsubmission" behavior="2" />
      <RootComponent type="1" schemaName="adx_webfilelog" behavior="2" />
      <RootComponent type="1" schemaName="adx_webformsession" behavior="2" />
      <RootComponent type="1" schemaName="adx_webpage" behavior="2" />
      <RootComponent type="1" schemaName="adx_webpagehistory" behavior="2" />
      <RootComponent type="1" schemaName="adx_webpagelog" behavior="2" />
      <RootComponent type="1" schemaName="appointment" behavior="0" />
      <RootComponent type="1" schemaName="contact" behavior="0" />
      <RootComponent type="1" schemaName="crb8b_aouenroll" behavior="0" />
      <RootComponent type="1" schemaName="crb8b_clinic" behavior="0" />
      <RootComponent type="1" schemaName="crb8b_healthpronih" behavior="0" />
      <RootComponent type="1" schemaName="crb8b_systemticket" behavior="0" />
      <RootComponent type="1" schemaName="phonecall" behavior="0" />
      <RootComponent type="1" schemaName="systemuser" behavior="0" />
      <RootComponent type="9" schemaName="crb8b_application" behavior="0" />
      <RootComponent type="9" schemaName="crb8b_callresult" behavior="0" />
      <RootComponent type="9" schemaName="crb8b_contactsource" behavior="0" />
      <RootComponent type="9" schemaName="crb8b_enrollstep" behavior="0" />
      <RootComponent type="9" schemaName="crb8b_status" behavior="0" />
      <RootComponent type="29" id="{0e83b780-8e14-ea11-a811-000d3a56963a}" behavior="0" />
      <RootComponent type="29" id="{0f83b780-8e14-ea11-a811-000d3a56963a}" behavior="0" />
      <RootComponent type="300" schemaName="uo_aouengage_a0f57" behavior="0" />
      <RootComponent type="300" schemaName="uo_aouenroll_4ca7e" behavior="0" />
      <RootComponent type="300" schemaName="uo_aouticket_66a8a" behavior="0" />
    </RootComponents>
    <MissingDependencies>
      <MissingDependency>
        <Required key="0" type="1" schemaName="adx_bpf_c2857b638fa7473d8e2f112c232cebd8" displayName="Change Password for Portals Contact" solution="MicrosoftIdentity (9.2.10.0)" />
        <Dependent key="0" type="1" schemaName="adx_bpf_c2857b638fa7473d8e2f112c232cebd8" displayName="Change Password for Portals Contact" />
      </MissingDependency>
      <MissingDependency>
        <Required key="1" type="1" schemaName="adx_webfilelog" displayName="Web File Log" solution="MicrosoftPortalBase (9.2.10.0)" />
        <Dependent key="1" type="1" schemaName="adx_webfilelog" displayName="Web File Log" />
      </MissingDependency>
      <MissingDependency>
        <Required key="2" type="1" schemaName="adx_webpagehistory" displayName="Web Page History" solution="MicrosoftPortalBase (9.2.10.0)" />
        <Dependent key="2" type="1" schemaName="adx_webpagehistory" displayName="Web Page History" />
      </MissingDependency>
      <MissingDependency>
        <Required key="3" type="1" schemaName="adx_webpagelog" displayName="Web Page Log" solution="MicrosoftPortalBase (9.2.10.0)" />
        <Dependent key="3" type="1" schemaName="adx_webpagelog" displayName="Web Page Log" />
      </MissingDependency>
      <MissingDependency>
        <Required key="4" type="1" schemaName="adx_externalidentity" displayName="External Identity" solution="MicrosoftIdentity (9.2.10.0)" />
        <Dependent key="4" type="1" schemaName="adx_externalidentity" displayName="External Identity" />
      </MissingDependency>
      <MissingDependency>
        <Required key="5" type="1" schemaName="adx_pagealert" displayName="Page Alert" solution="MicrosoftPortalBase (9.2.10.0)" />
        <Dependent key="5" type="1" schemaName="adx_pagealert" displayName="Page Alert" />
      </MissingDependency>
      <MissingDependency>
        <Required key="6" type="1" schemaName="adx_pollsubmission" displayName="Poll Submission" solution="MicrosoftPortalBase (9.2.10.0)" />
        <Dependent key="6" type="1" schemaName="adx_pollsubmission" displayName="Poll Submission" />
      </MissingDependency>
      <MissingDependency>
        <Required key="7" type="1" schemaName="adx_pagenotification" displayName="Page Notification" solution="MicrosoftPortalBase (9.2.10.0)" />
        <Dependent key="7" type="1" schemaName="adx_pagenotification" displayName="Page Notification" />
      </MissingDependency>
      <MissingDependency>
        <Required key="8" type="1" schemaName="adx_invitation" displayName="Invitation" solution="MicrosoftPortalBase (9.2.10.0)" />
        <Dependent key="8" type="1" schemaName="adx_invitation" displayName="Invitation" />
      </MissingDependency>
      <MissingDependency>
        <Required key="9" type="1" schemaName="adx_webpage" displayName="Web Page" solution="MicrosoftPortalDependencies (9.2.10.0)" />
        <Dependent key="9" type="1" schemaName="adx_webpage" displayName="Web Page" />
      </MissingDependency>
      <MissingDependency>
        <Required key="10" type="1" schemaName="adx_webformsession" displayName="Web Form Session" solution="MicrosoftWebForms (9.1.7.2)" />
        <Dependent key="10" type="1" schemaName="adx_webformsession" displayName="Web Form Session" />
      </MissingDependency>
      <MissingDependency>
        <Required key="3" type="1" schemaName="adx_webpagelog" displayName="Web Page Log" solution="MicrosoftPortalBase (9.2.10.0)" />
        <Dependent key="11" type="2" schemaName="adx_contactidyominame" parentSchemaName="adx_webpagelog" parentDisplayName="Web Page Log" />
      </MissingDependency>
      <MissingDependency>
        <Required key="9" type="1" schemaName="adx_webpage" displayName="Web Page" solution="MicrosoftPortalDependencies (9.2.10.0)" />
        <Dependent key="12" type="2" schemaName="adx_authoridyominame" parentSchemaName="adx_webpage" parentDisplayName="Web Page" />
      </MissingDependency>
      <MissingDependency>
        <Required key="8" type="1" schemaName="adx_invitation" displayName="Invitation" solution="MicrosoftPortalBase (9.2.10.0)" />
        <Dependent key="13" type="2" schemaName="adx_assigntoaccountyominame" parentSchemaName="adx_invitation" parentDisplayName="Invitation" />
      </MissingDependency>
      <MissingDependency>
        <Required key="8" type="1" schemaName="adx_invitation" displayName="Invitation" solution="MicrosoftPortalBase (9.2.10.0)" />
        <Dependent key="14" type="2" schemaName="adx_redeemedcontactname" parentSchemaName="adx_invitation" parentDisplayName="Invitation" />
      </MissingDependency>
      <MissingDependency>
        <Required key="4" type="1" schemaName="adx_externalidentity" displayName="External Identity" solution="MicrosoftIdentity (9.2.10.0)" />
        <Dependent key="15" type="2" schemaName="adx_contactidyominame" parentSchemaName="adx_externalidentity" parentDisplayName="External Identity" />
      </MissingDependency>
      <MissingDependency>
        <Required key="8" type="1" schemaName="adx_invitation" displayName="Invitation" solution="MicrosoftPortalBase (9.2.10.0)" />
        <Dependent key="16" type="2" schemaName="adx_redeemedcontactyominame" parentSchemaName="adx_invitation" parentDisplayName="Invitation" />
      </MissingDependency>
      <MissingDependency>
        <Required key="2" type="1" schemaName="adx_webpagehistory" displayName="Web Page History" solution="MicrosoftPortalBase (9.2.10.0)" />
        <Dependent key="17" type="2" schemaName="adx_changedbyidyominame" parentSchemaName="adx_webpagehistory" parentDisplayName="Web Page History" />
      </MissingDependency>
      <MissingDependency>
        <Required key="6" type="1" schemaName="adx_pollsubmission" displayName="Poll Submission" solution="MicrosoftPortalBase (9.2.10.0)" />
        <Dependent key="18" type="2" schemaName="adx_contactidname" parentSchemaName="adx_pollsubmission" parentDisplayName="Poll Submission" />
      </MissingDependency>
      <MissingDependency>
        <Required key="10" type="1" schemaName="adx_webformsession" displayName="Web Form Session" solution="MicrosoftWebForms (9.1.7.2)" />
        <Dependent key="19" type="2" schemaName="adx_systemusername" parentSchemaName="adx_webformsession" parentDisplayName="Web Form Session" />
      </MissingDependency>
      <MissingDependency>
        <Required key="5" type="1" schemaName="adx_pagealert" displayName="Page Alert" solution="MicrosoftPortalBase (9.2.10.0)" />
        <Dependent key="20" type="2" schemaName="adx_subscriberidyominame" parentSchemaName="adx_pagealert" parentDisplayName="Page Alert" />
      </MissingDependency>
      <MissingDependency>
        <Required key="10" type="1" schemaName="adx_webformsession" displayName="Web Form Session" solution="MicrosoftWebForms (9.1.7.2)" />
        <Dependent key="21" type="2" schemaName="adx_contactname" parentSchemaName="adx_webformsession" parentDisplayName="Web Form Session" />
      </MissingDependency>
      <MissingDependency>
        <Required key="0" type="1" schemaName="adx_bpf_c2857b638fa7473d8e2f112c232cebd8" displayName="Change Password for Portals Contact" solution="MicrosoftIdentity (9.2.10.0)" />
        <Dependent key="22" type="2" schemaName="bpf_contactidname" parentSchemaName="adx_bpf_c2857b638fa7473d8e2f112c232cebd8" parentDisplayName="Change Password for Portals Contact" />
      </MissingDependency>
      <MissingDependency>
        <Required key="1" type="1" schemaName="adx_webfilelog" displayName="Web File Log" solution="MicrosoftPortalBase (9.2.10.0)" />
        <Dependent key="23" type="2" schemaName="adx_contactidyominame" parentSchemaName="adx_webfilelog" parentDisplayName="Web File Log" />
      </MissingDependency>
      <MissingDependency>
        <Required key="10" type="1" schemaName="adx_webformsession" displayName="Web Form Session" solution="MicrosoftWebForms (9.1.7.2)" />
        <Dependent key="24" type="2" schemaName="adx_systemuseryominame" parentSchemaName="adx_webformsession" parentDisplayName="Web Form Session" />
      </MissingDependency>
      <MissingDependency>
        <Required key="0" type="1" schemaName="adx_bpf_c2857b638fa7473d8e2f112c232cebd8" displayName="Change Password for Portals Contact" solution="MicrosoftIdentity (9.2.10.0)" />
        <Dependent key="25" type="2" schemaName="bpf_contactidyominame" parentSchemaName="adx_bpf_c2857b638fa7473d8e2f112c232cebd8" parentDisplayName="Change Password for Portals Contact" />
      </MissingDependency>
      <MissingDependency>
        <Required key="5" type="1" schemaName="adx_pagealert" displayName="Page Alert" solution="MicrosoftPortalBase (9.2.10.0)" />
        <Dependent key="26" type="2" schemaName="adx_subscriberidname" parentSchemaName="adx_pagealert" parentDisplayName="Page Alert" />
      </MissingDependency>
      <MissingDependency>
        <Required key="3" type="1" schemaName="adx_webpagelog" displayName="Web Page Log" solution="MicrosoftPortalBase (9.2.10.0)" />
        <Dependent key="27" type="2" schemaName="adx_contactidname" parentSchemaName="adx_webpagelog" parentDisplayName="Web Page Log" />
      </MissingDependency>
      <MissingDependency>
        <Required key="6" type="1" schemaName="adx_pollsubmission" displayName="Poll Submission" solution="MicrosoftPortalBase (9.2.10.0)" />
        <Dependent key="28" type="2" schemaName="adx_contactidyominame" parentSchemaName="adx_pollsubmission" parentDisplayName="Poll Submission" />
      </MissingDependency>
      <MissingDependency>
        <Required key="8" type="1" schemaName="adx_invitation" displayName="Invitation" solution="MicrosoftPortalBase (9.2.10.0)" />
        <Dependent key="29" type="2" schemaName="adx_invitercontactyominame" parentSchemaName="adx_invitation" parentDisplayName="Invitation" />
      </MissingDependency>
      <MissingDependency>
        <Required key="7" type="1" schemaName="adx_pagenotification" displayName="Page Notification" solution="MicrosoftPortalBase (9.2.10.0)" />
        <Dependent key="30" type="2" schemaName="adx_recipientyominame" parentSchemaName="adx_pagenotification" parentDisplayName="Page Notification" />
      </MissingDependency>
      <MissingDependency>
        <Required key="9" type="1" schemaName="adx_webpage" displayName="Web Page" solution="MicrosoftPortalDependencies (9.2.10.0)" />
        <Dependent key="31" type="2" schemaName="adx_authoridname" parentSchemaName="adx_webpage" parentDisplayName="Web Page" />
      </MissingDependency>
      <MissingDependency>
        <Required key="4" type="1" schemaName="adx_externalidentity" displayName="External Identity" solution="MicrosoftIdentity (9.2.10.0)" />
        <Dependent key="32" type="2" schemaName="adx_contactidname" parentSchemaName="adx_externalidentity" parentDisplayName="External Identity" />
      </MissingDependency>
      <MissingDependency>
        <Required key="8" type="1" schemaName="adx_invitation" displayName="Invitation" solution="MicrosoftPortalBase (9.2.10.0)" />
        <Dependent key="33" type="2" schemaName="adx_assigntoaccountname" parentSchemaName="adx_invitation" parentDisplayName="Invitation" />
      </MissingDependency>
      <MissingDependency>
        <Required key="8" type="1" schemaName="adx_invitation" displayName="Invitation" solution="MicrosoftPortalBase (9.2.10.0)" />
        <Dependent key="34" type="2" schemaName="adx_invitecontactyominame" parentSchemaName="adx_invitation" parentDisplayName="Invitation" />
      </MissingDependency>
      <MissingDependency>
        <Required key="2" type="1" schemaName="adx_webpagehistory" displayName="Web Page History" solution="MicrosoftPortalBase (9.2.10.0)" />
        <Dependent key="35" type="2" schemaName="adx_changedbyidname" parentSchemaName="adx_webpagehistory" parentDisplayName="Web Page History" />
      </MissingDependency>
      <MissingDependency>
        <Required key="8" type="1" schemaName="adx_invitation" displayName="Invitation" solution="MicrosoftPortalBase (9.2.10.0)" />
        <Dependent key="36" type="2" schemaName="adx_invitercontactname" parentSchemaName="adx_invitation" parentDisplayName="Invitation" />
      </MissingDependency>
      <MissingDependency>
        <Required key="7" type="1" schemaName="adx_pagenotification" displayName="Page Notification" solution="MicrosoftPortalBase (9.2.10.0)" />
        <Dependent key="37" type="2" schemaName="adx_recipientname" parentSchemaName="adx_pagenotification" parentDisplayName="Page Notification" />
      </MissingDependency>
      <MissingDependency>
        <Required key="8" type="1" schemaName="adx_invitation" displayName="Invitation" solution="MicrosoftPortalBase (9.2.10.0)" />
        <Dependent key="38" type="2" schemaName="adx_invitecontactname" parentSchemaName="adx_invitation" parentDisplayName="Invitation" />
      </MissingDependency>
      <MissingDependency>
        <Required key="1" type="1" schemaName="adx_webfilelog" displayName="Web File Log" solution="MicrosoftPortalBase (9.2.10.0)" />
        <Dependent key="39" type="2" schemaName="adx_contactidname" parentSchemaName="adx_webfilelog" parentDisplayName="Web File Log" />
      </MissingDependency>
      <MissingDependency>
        <Required key="10" type="1" schemaName="adx_webformsession" displayName="Web Form Session" solution="MicrosoftWebForms (9.1.7.2)" />
        <Dependent key="40" type="2" schemaName="adx_contactyominame" parentSchemaName="adx_webformsession" parentDisplayName="Web Form Session" />
      </MissingDependency>
      <MissingDependency>
        <Required key="1" type="1" schemaName="adx_webfilelog" displayName="Web File Log" solution="MicrosoftPortalBase (9.2.10.0)" />
        <Dependent key="41" type="10" schemaName="adx_contact_webfilelog" displayName="adx_contact_webfilelog" parentSchemaName="adx_webfilelog" parentDisplayName="Web File Log" />
      </MissingDependency>
      <MissingDependency>
        <Required key="3" type="1" schemaName="adx_webpagelog" displayName="Web Page Log" solution="MicrosoftPortalBase (9.2.10.0)" />
        <Dependent key="42" type="10" schemaName="adx_contact_webpagelog" displayName="adx_contact_webpagelog" parentSchemaName="adx_webpagelog" parentDisplayName="Web Page Log" />
      </MissingDependency>
      <MissingDependency>
        <Required key="5" type="1" schemaName="adx_pagealert" displayName="Page Alert" solution="MicrosoftPortalBase (9.2.10.0)" />
        <Dependent key="43" type="10" schemaName="adx_subscribercontact_pagealert" displayName="adx_subscribercontact_pagealert" parentSchemaName="adx_pagealert" parentDisplayName="Page Alert" />
      </MissingDependency>
      <MissingDependency>
        <Required key="10" type="1" schemaName="adx_webformsession" displayName="Web Form Session" solution="MicrosoftWebForms (9.1.7.2)" />
        <Dependent key="44" type="10" schemaName="adx_webformsession_contact" displayName="adx_webformsession_contact" parentSchemaName="adx_webformsession" parentDisplayName="Web Form Session" />
      </MissingDependency>
      <MissingDependency>
        <Required key="10" type="1" schemaName="adx_webformsession" displayName="Web Form Session" solution="MicrosoftWebForms (9.1.7.2)" />
        <Dependent key="45" type="10" schemaName="adx_webformsession_systemuser" displayName="adx_webformsession_systemuser" parentSchemaName="adx_webformsession" parentDisplayName="Web Form Session" />
      </MissingDependency>
      <MissingDependency>
        <Required key="2" type="1" schemaName="adx_webpagehistory" displayName="Web Page History" solution="MicrosoftPortalBase (9.2.10.0)" />
        <Dependent key="46" type="10" schemaName="adx_changedcontact_webpagehistory" displayName="adx_changedcontact_webpagehistory" parentSchemaName="adx_webpagehistory" parentDisplayName="Web Page History" />
      </MissingDependency>
      <MissingDependency>
        <Required key="8" type="1" schemaName="adx_invitation" displayName="Invitation" solution="MicrosoftPortalBase (9.2.10.0)" />
        <Dependent key="47" type="10" schemaName="adx_invitation_redeemedContact" displayName="adx_invitation_redeemedContact" parentSchemaName="adx_invitation" parentDisplayName="Invitation" />
      </MissingDependency>
      <MissingDependency>
        <Required key="8" type="1" schemaName="adx_invitation" displayName="Invitation" solution="MicrosoftPortalBase (9.2.10.0)" />
        <Dependent key="48" type="10" schemaName="adx_invitation_assigntoaccount" displayName="adx_invitation_assigntoaccount" parentSchemaName="adx_invitation" parentDisplayName="Invitation" />
      </MissingDependency>
      <MissingDependency>
        <Required key="4" type="1" schemaName="adx_externalidentity" displayName="External Identity" solution="MicrosoftIdentity (9.2.10.0)" />
        <Dependent key="49" type="10" schemaName="adx_contact_externalidentity" displayName="adx_contact_externalidentity" parentSchemaName="adx_externalidentity" parentDisplayName="External Identity" />
      </MissingDependency>
      <MissingDependency>
        <Required key="9" type="1" schemaName="adx_webpage" displayName="Web Page" solution="MicrosoftPortalDependencies (9.2.10.0)" />
        <Dependent key="50" type="10" schemaName="adx_contact_webpage" displayName="adx_contact_webpage" parentSchemaName="adx_webpage" parentDisplayName="Web Page" />
      </MissingDependency>
      <MissingDependency>
        <Required key="6" type="1" schemaName="adx_pollsubmission" displayName="Poll Submission" solution="MicrosoftPortalBase (9.2.10.0)" />
        <Dependent key="51" type="10" schemaName="adx_contact_pollsubmission" displayName="adx_contact_pollsubmission" parentSchemaName="adx_pollsubmission" parentDisplayName="Poll Submission" />
      </MissingDependency>
      <MissingDependency>
        <Required key="0" type="1" schemaName="adx_bpf_c2857b638fa7473d8e2f112c232cebd8" displayName="Change Password for Portals Contact" solution="MicrosoftIdentity (9.2.10.0)" />
        <Dependent key="52" type="10" schemaName="bpf_contact_adx_bpf_c2857b638fa7473d8e2f112c232cebd8" displayName="bpf_contact_adx_bpf_c2857b638fa7473d8e2f112c232cebd8" parentSchemaName="adx_bpf_c2857b638fa7473d8e2f112c232cebd8" parentDisplayName="Change Password for Portals Contact" />
      </MissingDependency>
      <MissingDependency>
        <Required key="7" type="1" schemaName="adx_pagenotification" displayName="Page Notification" solution="MicrosoftPortalBase (9.2.10.0)" />
        <Dependent key="53" type="10" schemaName="adx_contact_pagenotification" displayName="adx_contact_pagenotification" parentSchemaName="adx_pagenotification" parentDisplayName="Page Notification" />
      </MissingDependency>
      <MissingDependency>
        <Required key="54" type="1" schemaName="adx_portallanguage" displayName="Portal Language" solution="MicrosoftPortalBase (9.2.10.0)" />
        <Dependent key="55" type="10" schemaName="adx_portallanguage_contact" displayName="adx_portallanguage_contact" parentSchemaName="contact" parentDisplayName="Contact" />
      </MissingDependency>
      <MissingDependency>
        <Required key="56" type="2" schemaName="adx_portallanguageid" displayName="Portal Language" parentSchemaName="adx_portallanguage" parentDisplayName="Portal Language" solution="MicrosoftPortalBase (9.2.10.0)" />
        <Dependent key="55" type="10" schemaName="adx_portallanguage_contact" displayName="adx_portallanguage_contact" parentSchemaName="contact" parentDisplayName="Contact" />
      </MissingDependency>
      <MissingDependency>
        <Required key="57" type="2" schemaName="adx_redeemedcontact" displayName="Redeemed Contact" parentSchemaName="adx_invitation" parentDisplayName="Invitation" solution="MicrosoftPortalBase (9.2.10.0)" />
        <Dependent key="58" type="10" schemaName="adx_invitation_invitecontact" displayName="adx_invitation_invitecontact" parentSchemaName="adx_invitation" parentDisplayName="Invitation" />
      </MissingDependency>
      <MissingDependency>
        <Required key="59" type="2" schemaName="adx_invitercontact" displayName="Inviter" parentSchemaName="adx_invitation" parentDisplayName="Invitation" solution="MicrosoftPortalBase (9.2.10.0)" />
        <Dependent key="58" type="10" schemaName="adx_invitation_invitecontact" displayName="adx_invitation_invitecontact" parentSchemaName="adx_invitation" parentDisplayName="Invitation" />
      </MissingDependency>
      <MissingDependency>
        <Required key="60" type="2" schemaName="adx_preferredlanguageid" displayName="Preferred Language" parentSchemaName="contact" parentDisplayName="Contact" solution="MicrosoftPortalBase (9.2.10.0)" />
        <Dependent key="55" type="10" schemaName="adx_portallanguage_contact" displayName="adx_portallanguage_contact" parentSchemaName="contact" parentDisplayName="Contact" />
      </MissingDependency>
      <MissingDependency>
        <Required key="61" type="2" schemaName="adx_name" displayName="Name" parentSchemaName="adx_portallanguage" parentDisplayName="Portal Language" solution="MicrosoftPortalBase (9.2.10.0)" />
        <Dependent key="55" type="10" schemaName="adx_portallanguage_contact" displayName="adx_portallanguage_contact" parentSchemaName="contact" parentDisplayName="Contact" />
      </MissingDependency>
      <MissingDependency>
        <Required key="62" type="2" schemaName="adx_contactid" displayName="User" parentSchemaName="adx_webfilelog" parentDisplayName="Web File Log" solution="MicrosoftPortalBase (9.2.10.0)" />
        <Dependent key="41" type="10" schemaName="adx_contact_webfilelog" displayName="adx_contact_webfilelog" parentSchemaName="adx_webfilelog" parentDisplayName="Web File Log" />
      </MissingDependency>
      <MissingDependency>
        <Required key="63" type="2" schemaName="adx_contact" displayName="Contact" parentSchemaName="adx_webformsession" parentDisplayName="Web Form Session" solution="MicrosoftWebForms (9.1.7.2)" />
        <Dependent key="44" type="10" schemaName="adx_webformsession_contact" displayName="adx_webformsession_contact" parentSchemaName="adx_webformsession" parentDisplayName="Web Form Session" />
      </MissingDependency>
      <MissingDependency>
        <Required key="64" type="2" schemaName="adx_contactid" displayName="User" parentSchemaName="adx_webpagelog" parentDisplayName="Web Page Log" solution="MicrosoftPortalBase (9.2.10.0)" />
        <Dependent key="42" type="10" schemaName="adx_contact_webpagelog" displayName="adx_contact_webpagelog" parentSchemaName="adx_webpagelog" parentDisplayName="Web Page Log" />
      </MissingDependency>
      <MissingDependency>
        <Required key="65" type="2" schemaName="adx_contactid" displayName="Contact" parentSchemaName="adx_pollsubmission" parentDisplayName="Poll Submission" solution="MicrosoftPortalBase (9.2.10.0)" />
        <Dependent key="51" type="10" schemaName="adx_contact_pollsubmission" displayName="adx_contact_pollsubmission" parentSchemaName="adx_pollsubmission" parentDisplayName="Poll Submission" />
      </MissingDependency>
      <MissingDependency>
        <Required key="66" type="2" schemaName="bpf_contactid" displayName="contact" parentSchemaName="adx_bpf_c2857b638fa7473d8e2f112c232cebd8" parentDisplayName="Change Password for Portals Contact" solution="MicrosoftIdentity (9.2.10.0)" />
        <Dependent key="52" type="10" schemaName="bpf_contact_adx_bpf_c2857b638fa7473d8e2f112c232cebd8" displayName="bpf_contact_adx_bpf_c2857b638fa7473d8e2f112c232cebd8" parentSchemaName="adx_bpf_c2857b638fa7473d8e2f112c232cebd8" parentDisplayName="Change Password for Portals Contact" />
      </MissingDependency>
      <MissingDependency>
        <Required key="67" type="2" schemaName="msa_managingpartnerid" displayName="Managing Partner" parentSchemaName="contact" parentDisplayName="Contact" solution="MicrosoftPortalDependencies (9.2.10.0)" />
        <Dependent key="68" type="2" schemaName="parentcustomerid" displayName="Company Name" parentSchemaName="contact" parentDisplayName="Contact" />
      </MissingDependency>
      <MissingDependency>
        <Required key="69" type="2" schemaName="adx_subscriberid" displayName="Subscriber" parentSchemaName="adx_pagealert" parentDisplayName="Page Alert" solution="MicrosoftPortalBase (9.2.10.0)" />
        <Dependent key="43" type="10" schemaName="adx_subscribercontact_pagealert" displayName="adx_subscribercontact_pagealert" parentSchemaName="adx_pagealert" parentDisplayName="Page Alert" />
      </MissingDependency>
      <MissingDependency>
        <Required key="70" type="2" schemaName="adx_recipient" displayName="Recipient" parentSchemaName="adx_pagenotification" parentDisplayName="Page Notification" solution="MicrosoftPortalBase (9.2.10.0)" />
        <Dependent key="53" type="10" schemaName="adx_contact_pagenotification" displayName="adx_contact_pagenotification" parentSchemaName="adx_pagenotification" parentDisplayName="Page Notification" />
      </MissingDependency>
      <MissingDependency>
        <Required key="71" type="2" schemaName="adx_assigntoaccount" displayName="Assign To Account" parentSchemaName="adx_invitation" parentDisplayName="Invitation" solution="MicrosoftPortalBase (9.2.10.0)" />
        <Dependent key="48" type="10" schemaName="adx_invitation_assigntoaccount" displayName="adx_invitation_assigntoaccount" parentSchemaName="adx_invitation" parentDisplayName="Invitation" />
      </MissingDependency>
      <MissingDependency>
        <Required key="72" type="2" schemaName="msa_managingpartnerid" displayName="Managing Partner" parentSchemaName="account" parentDisplayName="Account" solution="MicrosoftPortalDependencies (9.2.10.0)" />
        <Dependent key="73" type="10" schemaName="msa_account_managingpartner" displayName="msa_account_managingpartner" parentSchemaName="account" parentDisplayName="Account" />
      </MissingDependency>
      <MissingDependency>
        <Required key="74" type="2" schemaName="adx_systemuser" displayName="System User" parentSchemaName="adx_webformsession" parentDisplayName="Web Form Session" solution="MicrosoftWebForms (9.1.7.2)" />
        <Dependent key="45" type="10" schemaName="adx_webformsession_systemuser" displayName="adx_webformsession_systemuser" parentSchemaName="adx_webformsession" parentDisplayName="Web Form Session" />
      </MissingDependency>
      <MissingDependency>
        <Required key="75" type="2" schemaName="adx_authorid" displayName="Author" parentSchemaName="adx_webpage" parentDisplayName="Web Page" solution="MicrosoftPortalDependencies (9.2.10.0)" />
        <Dependent key="50" type="10" schemaName="adx_contact_webpage" displayName="adx_contact_webpage" parentSchemaName="adx_webpage" parentDisplayName="Web Page" />
      </MissingDependency>
      <MissingDependency>
        <Required key="76" type="2" schemaName="adx_invitecontact" displayName="Invite Contact" parentSchemaName="adx_invitation" parentDisplayName="Invitation" solution="MicrosoftPortalBase (9.2.10.0)" />
        <Dependent key="58" type="10" schemaName="adx_invitation_invitecontact" displayName="adx_invitation_invitecontact" parentSchemaName="adx_invitation" parentDisplayName="Invitation" />
      </MissingDependency>
      <MissingDependency>
        <Required key="77" type="2" schemaName="adx_changedbyid" displayName="Changed By" parentSchemaName="adx_webpagehistory" parentDisplayName="Web Page History" solution="MicrosoftPortalBase (9.2.10.0)" />
        <Dependent key="46" type="10" schemaName="adx_changedcontact_webpagehistory" displayName="adx_changedcontact_webpagehistory" parentSchemaName="adx_webpagehistory" parentDisplayName="Web Page History" />
      </MissingDependency>
      <MissingDependency>
        <Required key="78" type="2" schemaName="adx_contactid" displayName="Contact" parentSchemaName="adx_externalidentity" parentDisplayName="External Identity" solution="MicrosoftIdentity (9.2.10.0)" />
        <Dependent key="49" type="10" schemaName="adx_contact_externalidentity" displayName="adx_contact_externalidentity" parentSchemaName="adx_externalidentity" parentDisplayName="External Identity" />
      </MissingDependency>
      <MissingDependency>
        <Required key="78" type="2" schemaName="adx_contactid" displayName="Contact" parentSchemaName="adx_externalidentity" parentDisplayName="External Identity" solution="MicrosoftIdentity (9.2.10.0)" />
        <Dependent key="78" type="2" schemaName="adx_contactid" displayName="Contact" parentSchemaName="adx_externalidentity" parentDisplayName="External Identity" />
      </MissingDependency>
      <MissingDependency>
        <Required key="71" type="2" schemaName="adx_assigntoaccount" displayName="Assign To Account" parentSchemaName="adx_invitation" parentDisplayName="Invitation" solution="MicrosoftPortalBase (9.2.10.0)" />
        <Dependent key="71" type="2" schemaName="adx_assigntoaccount" displayName="Assign To Account" parentSchemaName="adx_invitation" parentDisplayName="Invitation" />
      </MissingDependency>
      <MissingDependency>
        <Required key="76" type="2" schemaName="adx_invitecontact" displayName="Invite Contact" parentSchemaName="adx_invitation" parentDisplayName="Invitation" solution="MicrosoftPortalBase (9.2.10.0)" />
        <Dependent key="76" type="2" schemaName="adx_invitecontact" displayName="Invite Contact" parentSchemaName="adx_invitation" parentDisplayName="Invitation" />
      </MissingDependency>
      <MissingDependency>
        <Required key="75" type="2" schemaName="adx_authorid" displayName="Author" parentSchemaName="adx_webpage" parentDisplayName="Web Page" solution="MicrosoftPortalDependencies (9.2.10.0)" />
        <Dependent key="75" type="2" schemaName="adx_authorid" displayName="Author" parentSchemaName="adx_webpage" parentDisplayName="Web Page" />
      </MissingDependency>
      <MissingDependency>
        <Required key="57" type="2" schemaName="adx_redeemedcontact" displayName="Redeemed Contact" parentSchemaName="adx_invitation" parentDisplayName="Invitation" solution="MicrosoftPortalBase (9.2.10.0)" />
        <Dependent key="57" type="2" schemaName="adx_redeemedcontact" displayName="Redeemed Contact" parentSchemaName="adx_invitation" parentDisplayName="Invitation" />
      </MissingDependency>
      <MissingDependency>
        <Required key="69" type="2" schemaName="adx_subscriberid" displayName="Subscriber" parentSchemaName="adx_pagealert" parentDisplayName="Page Alert" solution="MicrosoftPortalBase (9.2.10.0)" />
        <Dependent key="69" type="2" schemaName="adx_subscriberid" displayName="Subscriber" parentSchemaName="adx_pagealert" parentDisplayName="Page Alert" />
      </MissingDependency>
      <MissingDependency>
        <Required key="63" type="2" schemaName="adx_contact" displayName="Contact" parentSchemaName="adx_webformsession" parentDisplayName="Web Form Session" solution="MicrosoftWebForms (9.1.7.2)" />
        <Dependent key="63" type="2" schemaName="adx_contact" displayName="Contact" parentSchemaName="adx_webformsession" parentDisplayName="Web Form Session" />
      </MissingDependency>
      <MissingDependency>
        <Required key="66" type="2" schemaName="bpf_contactid" displayName="contact" parentSchemaName="adx_bpf_c2857b638fa7473d8e2f112c232cebd8" parentDisplayName="Change Password for Portals Contact" solution="MicrosoftIdentity (9.2.10.0)" />
        <Dependent key="66" type="2" schemaName="bpf_contactid" displayName="contact" parentSchemaName="adx_bpf_c2857b638fa7473d8e2f112c232cebd8" parentDisplayName="Change Password for Portals Contact" />
      </MissingDependency>
      <MissingDependency>
        <Required key="62" type="2" schemaName="adx_contactid" displayName="User" parentSchemaName="adx_webfilelog" parentDisplayName="Web File Log" solution="MicrosoftPortalBase (9.2.10.0)" />
        <Dependent key="62" type="2" schemaName="adx_contactid" displayName="User" parentSchemaName="adx_webfilelog" parentDisplayName="Web File Log" />
      </MissingDependency>
      <MissingDependency>
        <Required key="65" type="2" schemaName="adx_contactid" displayName="Contact" parentSchemaName="adx_pollsubmission" parentDisplayName="Poll Submission" solution="MicrosoftPortalBase (9.2.10.0)" />
        <Dependent key="65" type="2" schemaName="adx_contactid" displayName="Contact" parentSchemaName="adx_pollsubmission" parentDisplayName="Poll Submission" />
      </MissingDependency>
      <MissingDependency>
        <Required key="74" type="2" schemaName="adx_systemuser" displayName="System User" parentSchemaName="adx_webformsession" parentDisplayName="Web Form Session" solution="MicrosoftWebForms (9.1.7.2)" />
        <Dependent key="74" type="2" schemaName="adx_systemuser" displayName="System User" parentSchemaName="adx_webformsession" parentDisplayName="Web Form Session" />
      </MissingDependency>
      <MissingDependency>
        <Required key="77" type="2" schemaName="adx_changedbyid" displayName="Changed By" parentSchemaName="adx_webpagehistory" parentDisplayName="Web Page History" solution="MicrosoftPortalBase (9.2.10.0)" />
        <Dependent key="77" type="2" schemaName="adx_changedbyid" displayName="Changed By" parentSchemaName="adx_webpagehistory" parentDisplayName="Web Page History" />
      </MissingDependency>
      <MissingDependency>
        <Required key="59" type="2" schemaName="adx_invitercontact" displayName="Inviter" parentSchemaName="adx_invitation" parentDisplayName="Invitation" solution="MicrosoftPortalBase (9.2.10.0)" />
        <Dependent key="59" type="2" schemaName="adx_invitercontact" displayName="Inviter" parentSchemaName="adx_invitation" parentDisplayName="Invitation" />
      </MissingDependency>
      <MissingDependency>
        <Required key="64" type="2" schemaName="adx_contactid" displayName="User" parentSchemaName="adx_webpagelog" parentDisplayName="Web Page Log" solution="MicrosoftPortalBase (9.2.10.0)" />
        <Dependent key="64" type="2" schemaName="adx_contactid" displayName="User" parentSchemaName="adx_webpagelog" parentDisplayName="Web Page Log" />
      </MissingDependency>
      <MissingDependency>
        <Required key="70" type="2" schemaName="adx_recipient" displayName="Recipient" parentSchemaName="adx_pagenotification" parentDisplayName="Page Notification" solution="MicrosoftPortalBase (9.2.10.0)" />
        <Dependent key="70" type="2" schemaName="adx_recipient" displayName="Recipient" parentSchemaName="adx_pagenotification" parentDisplayName="Page Notification" />
      </MissingDependency>
      <MissingDependency>
        <Required key="49" type="10" schemaName="adx_contact_externalidentity" displayName="adx_contact_externalidentity" parentSchemaName="adx_externalidentity" parentDisplayName="External Identity" solution="MicrosoftIdentity (9.2.10.0)" />
        <Dependent key="49" type="10" schemaName="adx_contact_externalidentity" displayName="adx_contact_externalidentity" parentSchemaName="adx_externalidentity" parentDisplayName="External Identity" />
      </MissingDependency>
      <MissingDependency>
        <Required key="51" type="10" schemaName="adx_contact_pollsubmission" displayName="adx_contact_pollsubmission" parentSchemaName="adx_pollsubmission" parentDisplayName="Poll Submission" solution="MicrosoftPortalBase (9.2.10.0)" />
        <Dependent key="51" type="10" schemaName="adx_contact_pollsubmission" displayName="adx_contact_pollsubmission" parentSchemaName="adx_pollsubmission" parentDisplayName="Poll Submission" />
      </MissingDependency>
      <MissingDependency>
        <Required key="55" type="10" schemaName="adx_portallanguage_contact" displayName="adx_portallanguage_contact" parentSchemaName="contact" parentDisplayName="Contact" solution="MicrosoftPortalBase (9.2.10.0)" />
        <Dependent key="55" type="10" schemaName="adx_portallanguage_contact" displayName="adx_portallanguage_contact" parentSchemaName="contact" parentDisplayName="Contact" />
      </MissingDependency>
      <MissingDependency>
        <Required key="53" type="10" schemaName="adx_contact_pagenotification" displayName="adx_contact_pagenotification" parentSchemaName="adx_pagenotification" parentDisplayName="Page Notification" solution="MicrosoftPortalBase (9.2.10.0)" />
        <Dependent key="53" type="10" schemaName="adx_contact_pagenotification" displayName="adx_contact_pagenotification" parentSchemaName="adx_pagenotification" parentDisplayName="Page Notification" />
      </MissingDependency>
      <MissingDependency>
        <Required key="44" type="10" schemaName="adx_webformsession_contact" displayName="adx_webformsession_contact" parentSchemaName="adx_webformsession" parentDisplayName="Web Form Session" solution="MicrosoftWebForms (9.1.7.2)" />
        <Dependent key="44" type="10" schemaName="adx_webformsession_contact" displayName="adx_webformsession_contact" parentSchemaName="adx_webformsession" parentDisplayName="Web Form Session" />
      </MissingDependency>
      <MissingDependency>
        <Required key="42" type="10" schemaName="adx_contact_webpagelog" displayName="adx_contact_webpagelog" parentSchemaName="adx_webpagelog" parentDisplayName="Web Page Log" solution="MicrosoftPortalBase (9.2.10.0)" />
        <Dependent key="42" type="10" schemaName="adx_contact_webpagelog" displayName="adx_contact_webpagelog" parentSchemaName="adx_webpagelog" parentDisplayName="Web Page Log" />
      </MissingDependency>
      <MissingDependency>
        <Required key="41" type="10" schemaName="adx_contact_webfilelog" displayName="adx_contact_webfilelog" parentSchemaName="adx_webfilelog" parentDisplayName="Web File Log" solution="MicrosoftPortalBase (9.2.10.0)" />
        <Dependent key="41" type="10" schemaName="adx_contact_webfilelog" displayName="adx_contact_webfilelog" parentSchemaName="adx_webfilelog" parentDisplayName="Web File Log" />
      </MissingDependency>
      <MissingDependency>
        <Required key="50" type="10" schemaName="adx_contact_webpage" displayName="adx_contact_webpage" parentSchemaName="adx_webpage" parentDisplayName="Web Page" solution="MicrosoftPortalDependencies (9.2.10.0)" />
        <Dependent key="50" type="10" schemaName="adx_contact_webpage" displayName="adx_contact_webpage" parentSchemaName="adx_webpage" parentDisplayName="Web Page" />
      </MissingDependency>
      <MissingDependency>
        <Required key="45" type="10" schemaName="adx_webformsession_systemuser" displayName="adx_webformsession_systemuser" parentSchemaName="adx_webformsession" parentDisplayName="Web Form Session" solution="MicrosoftWebForms (9.1.7.2)" />
        <Dependent key="45" type="10" schemaName="adx_webformsession_systemuser" displayName="adx_webformsession_systemuser" parentSchemaName="adx_webformsession" parentDisplayName="Web Form Session" />
      </MissingDependency>
      <MissingDependency>
        <Required key="52" type="10" schemaName="bpf_contact_adx_bpf_c2857b638fa7473d8e2f112c232cebd8" displayName="bpf_contact_adx_bpf_c2857b638fa7473d8e2f112c232cebd8" parentSchemaName="adx_bpf_c2857b638fa7473d8e2f112c232cebd8" parentDisplayName="Change Password for Portals Contact" solution="MicrosoftIdentity (9.2.10.0)" />
        <Dependent key="52" type="10" schemaName="bpf_contact_adx_bpf_c2857b638fa7473d8e2f112c232cebd8" displayName="bpf_contact_adx_bpf_c2857b638fa7473d8e2f112c232cebd8" parentSchemaName="adx_bpf_c2857b638fa7473d8e2f112c232cebd8" parentDisplayName="Change Password for Portals Contact" />
      </MissingDependency>
      <MissingDependency>
        <Required key="47" type="10" schemaName="adx_invitation_redeemedContact" displayName="adx_invitation_redeemedContact" parentSchemaName="adx_invitation" parentDisplayName="Invitation" solution="MicrosoftPortalBase (9.2.10.0)" />
        <Dependent key="47" type="10" schemaName="adx_invitation_redeemedContact" displayName="adx_invitation_redeemedContact" parentSchemaName="adx_invitation" parentDisplayName="Invitation" />
      </MissingDependency>
      <MissingDependency>
        <Required key="58" type="10" schemaName="adx_invitation_invitecontact" displayName="adx_invitation_invitecontact" parentSchemaName="adx_invitation" parentDisplayName="Invitation" solution="MicrosoftPortalBase (9.2.10.0)" />
        <Dependent key="47" type="10" schemaName="adx_invitation_redeemedContact" displayName="adx_invitation_redeemedContact" parentSchemaName="adx_invitation" parentDisplayName="Invitation" />
      </MissingDependency>
      <MissingDependency>
        <Required key="79" type="10" schemaName="adx_invitation_invitercontact" displayName="adx_invitation_invitercontact" parentSchemaName="adx_invitation" parentDisplayName="Invitation" solution="MicrosoftPortalBase (9.2.10.0)" />
        <Dependent key="47" type="10" schemaName="adx_invitation_redeemedContact" displayName="adx_invitation_redeemedContact" parentSchemaName="adx_invitation" parentDisplayName="Invitation" />
      </MissingDependency>
      <MissingDependency>
        <Required key="43" type="10" schemaName="adx_subscribercontact_pagealert" displayName="adx_subscribercontact_pagealert" parentSchemaName="adx_pagealert" parentDisplayName="Page Alert" solution="MicrosoftPortalBase (9.2.10.0)" />
        <Dependent key="43" type="10" schemaName="adx_subscribercontact_pagealert" displayName="adx_subscribercontact_pagealert" parentSchemaName="adx_pagealert" parentDisplayName="Page Alert" />
      </MissingDependency>
      <MissingDependency>
        <Required key="48" type="10" schemaName="adx_invitation_assigntoaccount" displayName="adx_invitation_assigntoaccount" parentSchemaName="adx_invitation" parentDisplayName="Invitation" solution="MicrosoftPortalBase (9.2.10.0)" />
        <Dependent key="48" type="10" schemaName="adx_invitation_assigntoaccount" displayName="adx_invitation_assigntoaccount" parentSchemaName="adx_invitation" parentDisplayName="Invitation" />
      </MissingDependency>
      <MissingDependency>
        <Required key="46" type="10" schemaName="adx_changedcontact_webpagehistory" displayName="adx_changedcontact_webpagehistory" parentSchemaName="adx_webpagehistory" parentDisplayName="Web Page History" solution="MicrosoftPortalBase (9.2.10.0)" />
        <Dependent key="46" type="10" schemaName="adx_changedcontact_webpagehistory" displayName="adx_changedcontact_webpagehistory" parentSchemaName="adx_webpagehistory" parentDisplayName="Web Page History" />
      </MissingDependency>
      <MissingDependency>
        <Required key="58" type="10" schemaName="adx_invitation_invitecontact" displayName="adx_invitation_invitecontact" parentSchemaName="adx_invitation" parentDisplayName="Invitation" solution="MicrosoftPortalBase (9.2.10.0)" />
        <Dependent key="34" type="2" schemaName="adx_invitecontactyominame" parentSchemaName="adx_invitation" parentDisplayName="Invitation" />
      </MissingDependency>
      <MissingDependency>
        <Required key="46" type="10" schemaName="adx_changedcontact_webpagehistory" displayName="adx_changedcontact_webpagehistory" parentSchemaName="adx_webpagehistory" parentDisplayName="Web Page History" solution="MicrosoftPortalBase (9.2.10.0)" />
        <Dependent key="35" type="2" schemaName="adx_changedbyidname" parentSchemaName="adx_webpagehistory" parentDisplayName="Web Page History" />
      </MissingDependency>
      <MissingDependency>
        <Required key="53" type="10" schemaName="adx_contact_pagenotification" displayName="adx_contact_pagenotification" parentSchemaName="adx_pagenotification" parentDisplayName="Page Notification" solution="MicrosoftPortalBase (9.2.10.0)" />
        <Dependent key="37" type="2" schemaName="adx_recipientname" parentSchemaName="adx_pagenotification" parentDisplayName="Page Notification" />
      </MissingDependency>
      <MissingDependency>
        <Required key="80" type="10" schemaName="msa_contact_managingpartner" displayName="msa_contact_managingpartner" parentSchemaName="contact" parentDisplayName="Contact" solution="MicrosoftPortalDependencies (9.2.10.0)" />
        <Dependent key="81" type="2" schemaName="msa_managingpartneridname" parentSchemaName="contact" parentDisplayName="Contact" />
      </MissingDependency>
      <MissingDependency>
        <Required key="80" type="10" schemaName="msa_contact_managingpartner" displayName="msa_contact_managingpartner" parentSchemaName="contact" parentDisplayName="Contact" solution="MicrosoftPortalDependencies (9.2.10.0)" />
        <Dependent key="82" type="2" schemaName="msa_managingpartneridyominame" parentSchemaName="contact" parentDisplayName="Contact" />
      </MissingDependency>
      <MissingDependency>
        <Required key="79" type="10" schemaName="adx_invitation_invitercontact" displayName="adx_invitation_invitercontact" parentSchemaName="adx_invitation" parentDisplayName="Invitation" solution="MicrosoftPortalBase (9.2.10.0)" />
        <Dependent key="36" type="2" schemaName="adx_invitercontactname" parentSchemaName="adx_invitation" parentDisplayName="Invitation" />
      </MissingDependency>
      <MissingDependency>
        <Required key="41" type="10" schemaName="adx_contact_webfilelog" displayName="adx_contact_webfilelog" parentSchemaName="adx_webfilelog" parentDisplayName="Web File Log" solution="MicrosoftPortalBase (9.2.10.0)" />
        <Dependent key="39" type="2" schemaName="adx_contactidname" parentSchemaName="adx_webfilelog" parentDisplayName="Web File Log" />
      </MissingDependency>
      <MissingDependency>
        <Required key="48" type="10" schemaName="adx_invitation_assigntoaccount" displayName="adx_invitation_assigntoaccount" parentSchemaName="adx_invitation" parentDisplayName="Invitation" solution="MicrosoftPortalBase (9.2.10.0)" />
        <Dependent key="33" type="2" schemaName="adx_assigntoaccountname" parentSchemaName="adx_invitation" parentDisplayName="Invitation" />
      </MissingDependency>
      <MissingDependency>
        <Required key="50" type="10" schemaName="adx_contact_webpage" displayName="adx_contact_webpage" parentSchemaName="adx_webpage" parentDisplayName="Web Page" solution="MicrosoftPortalDependencies (9.2.10.0)" />
        <Dependent key="31" type="2" schemaName="adx_authoridname" parentSchemaName="adx_webpage" parentDisplayName="Web Page" />
      </MissingDependency>
      <MissingDependency>
        <Required key="49" type="10" schemaName="adx_contact_externalidentity" displayName="adx_contact_externalidentity" parentSchemaName="adx_externalidentity" parentDisplayName="External Identity" solution="MicrosoftIdentity (9.2.10.0)" />
        <Dependent key="32" type="2" schemaName="adx_contactidname" parentSchemaName="adx_externalidentity" parentDisplayName="External Identity" />
      </MissingDependency>
      <MissingDependency>
        <Required key="55" type="10" schemaName="adx_portallanguage_contact" displayName="adx_portallanguage_contact" parentSchemaName="contact" parentDisplayName="Contact" solution="MicrosoftPortalBase (9.2.10.0)" />
        <Dependent key="83" type="2" schemaName="adx_preferredlanguageidname" parentSchemaName="contact" parentDisplayName="Contact" />
      </MissingDependency>
      <MissingDependency>
        <Required key="53" type="10" schemaName="adx_contact_pagenotification" displayName="adx_contact_pagenotification" parentSchemaName="adx_pagenotification" parentDisplayName="Page Notification" solution="MicrosoftPortalBase (9.2.10.0)" />
        <Dependent key="30" type="2" schemaName="adx_recipientyominame" parentSchemaName="adx_pagenotification" parentDisplayName="Page Notification" />
      </MissingDependency>
      <MissingDependency>
        <Required key="79" type="10" schemaName="adx_invitation_invitercontact" displayName="adx_invitation_invitercontact" parentSchemaName="adx_invitation" parentDisplayName="Invitation" solution="MicrosoftPortalBase (9.2.10.0)" />
        <Dependent key="29" type="2" schemaName="adx_invitercontactyominame" parentSchemaName="adx_invitation" parentDisplayName="Invitation" />
      </MissingDependency>
      <MissingDependency>
        <Required key="43" type="10" schemaName="adx_subscribercontact_pagealert" displayName="adx_subscribercontact_pagealert" parentSchemaName="adx_pagealert" parentDisplayName="Page Alert" solution="MicrosoftPortalBase (9.2.10.0)" />
        <Dependent key="26" type="2" schemaName="adx_subscriberidname" parentSchemaName="adx_pagealert" parentDisplayName="Page Alert" />
      </MissingDependency>
      <MissingDependency>
        <Required key="45" type="10" schemaName="adx_webformsession_systemuser" displayName="adx_webformsession_systemuser" parentSchemaName="adx_webformsession" parentDisplayName="Web Form Session" solution="MicrosoftWebForms (9.1.7.2)" />
        <Dependent key="24" type="2" schemaName="adx_systemuseryominame" parentSchemaName="adx_webformsession" parentDisplayName="Web Form Session" />
      </MissingDependency>
      <MissingDependency>
        <Required key="44" type="10" schemaName="adx_webformsession_contact" displayName="adx_webformsession_contact" parentSchemaName="adx_webformsession" parentDisplayName="Web Form Session" solution="MicrosoftWebForms (9.1.7.2)" />
        <Dependent key="21" type="2" schemaName="adx_contactname" parentSchemaName="adx_webformsession" parentDisplayName="Web Form Session" />
      </MissingDependency>
      <MissingDependency>
        <Required key="43" type="10" schemaName="adx_subscribercontact_pagealert" displayName="adx_subscribercontact_pagealert" parentSchemaName="adx_pagealert" parentDisplayName="Page Alert" solution="MicrosoftPortalBase (9.2.10.0)" />
        <Dependent key="20" type="2" schemaName="adx_subscriberidyominame" parentSchemaName="adx_pagealert" parentDisplayName="Page Alert" />
      </MissingDependency>
      <MissingDependency>
        <Required key="45" type="10" schemaName="adx_webformsession_systemuser" displayName="adx_webformsession_systemuser" parentSchemaName="adx_webformsession" parentDisplayName="Web Form Session" solution="MicrosoftWebForms (9.1.7.2)" />
        <Dependent key="19" type="2" schemaName="adx_systemusername" parentSchemaName="adx_webformsession" parentDisplayName="Web Form Session" />
      </MissingDependency>
      <MissingDependency>
        <Required key="51" type="10" schemaName="adx_contact_pollsubmission" displayName="adx_contact_pollsubmission" parentSchemaName="adx_pollsubmission" parentDisplayName="Poll Submission" solution="MicrosoftPortalBase (9.2.10.0)" />
        <Dependent key="18" type="2" schemaName="adx_contactidname" parentSchemaName="adx_pollsubmission" parentDisplayName="Poll Submission" />
      </MissingDependency>
      <MissingDependency>
        <Required key="52" type="10" schemaName="bpf_contact_adx_bpf_c2857b638fa7473d8e2f112c232cebd8" displayName="bpf_contact_adx_bpf_c2857b638fa7473d8e2f112c232cebd8" parentSchemaName="adx_bpf_c2857b638fa7473d8e2f112c232cebd8" parentDisplayName="Change Password for Portals Contact" solution="MicrosoftIdentity (9.2.10.0)" />
        <Dependent key="25" type="2" schemaName="bpf_contactidyominame" parentSchemaName="adx_bpf_c2857b638fa7473d8e2f112c232cebd8" parentDisplayName="Change Password for Portals Contact" />
      </MissingDependency>
      <MissingDependency>
        <Required key="52" type="10" schemaName="bpf_contact_adx_bpf_c2857b638fa7473d8e2f112c232cebd8" displayName="bpf_contact_adx_bpf_c2857b638fa7473d8e2f112c232cebd8" parentSchemaName="adx_bpf_c2857b638fa7473d8e2f112c232cebd8" parentDisplayName="Change Password for Portals Contact" solution="MicrosoftIdentity (9.2.10.0)" />
        <Dependent key="22" type="2" schemaName="bpf_contactidname" parentSchemaName="adx_bpf_c2857b638fa7473d8e2f112c232cebd8" parentDisplayName="Change Password for Portals Contact" />
      </MissingDependency>
      <MissingDependency>
        <Required key="51" type="10" schemaName="adx_contact_pollsubmission" displayName="adx_contact_pollsubmission" parentSchemaName="adx_pollsubmission" parentDisplayName="Poll Submission" solution="MicrosoftPortalBase (9.2.10.0)" />
        <Dependent key="28" type="2" schemaName="adx_contactidyominame" parentSchemaName="adx_pollsubmission" parentDisplayName="Poll Submission" />
      </MissingDependency>
      <MissingDependency>
        <Required key="42" type="10" schemaName="adx_contact_webpagelog" displayName="adx_contact_webpagelog" parentSchemaName="adx_webpagelog" parentDisplayName="Web Page Log" solution="MicrosoftPortalBase (9.2.10.0)" />
        <Dependent key="27" type="2" schemaName="adx_contactidname" parentSchemaName="adx_webpagelog" parentDisplayName="Web Page Log" />
      </MissingDependency>
      <MissingDependency>
        <Required key="73" type="10" schemaName="msa_account_managingpartner" displayName="msa_account_managingpartner" parentSchemaName="account" parentDisplayName="Account" solution="MicrosoftPortalDependencies (9.2.10.0)" />
        <Dependent key="84" type="2" schemaName="msa_managingpartneridyominame" parentSchemaName="account" parentDisplayName="Account" />
      </MissingDependency>
      <MissingDependency>
        <Required key="48" type="10" schemaName="adx_invitation_assigntoaccount" displayName="adx_invitation_assigntoaccount" parentSchemaName="adx_invitation" parentDisplayName="Invitation" solution="MicrosoftPortalBase (9.2.10.0)" />
        <Dependent key="13" type="2" schemaName="adx_assigntoaccountyominame" parentSchemaName="adx_invitation" parentDisplayName="Invitation" />
      </MissingDependency>
      <MissingDependency>
        <Required key="41" type="10" schemaName="adx_contact_webfilelog" displayName="adx_contact_webfilelog" parentSchemaName="adx_webfilelog" parentDisplayName="Web File Log" solution="MicrosoftPortalBase (9.2.10.0)" />
        <Dependent key="23" type="2" schemaName="adx_contactidyominame" parentSchemaName="adx_webfilelog" parentDisplayName="Web File Log" />
      </MissingDependency>
      <MissingDependency>
        <Required key="46" type="10" schemaName="adx_changedcontact_webpagehistory" displayName="adx_changedcontact_webpagehistory" parentSchemaName="adx_webpagehistory" parentDisplayName="Web Page History" solution="MicrosoftPortalBase (9.2.10.0)" />
        <Dependent key="17" type="2" schemaName="adx_changedbyidyominame" parentSchemaName="adx_webpagehistory" parentDisplayName="Web Page History" />
      </MissingDependency>
      <MissingDependency>
        <Required key="47" type="10" schemaName="adx_invitation_redeemedContact" displayName="adx_invitation_redeemedContact" parentSchemaName="adx_invitation" parentDisplayName="Invitation" solution="MicrosoftPortalBase (9.2.10.0)" />
        <Dependent key="16" type="2" schemaName="adx_redeemedcontactyominame" parentSchemaName="adx_invitation" parentDisplayName="Invitation" />
      </MissingDependency>
      <MissingDependency>
        <Required key="42" type="10" schemaName="adx_contact_webpagelog" displayName="adx_contact_webpagelog" parentSchemaName="adx_webpagelog" parentDisplayName="Web Page Log" solution="MicrosoftPortalBase (9.2.10.0)" />
        <Dependent key="11" type="2" schemaName="adx_contactidyominame" parentSchemaName="adx_webpagelog" parentDisplayName="Web Page Log" />
      </MissingDependency>
      <MissingDependency>
        <Required key="49" type="10" schemaName="adx_contact_externalidentity" displayName="adx_contact_externalidentity" parentSchemaName="adx_externalidentity" parentDisplayName="External Identity" solution="MicrosoftIdentity (9.2.10.0)" />
        <Dependent key="15" type="2" schemaName="adx_contactidyominame" parentSchemaName="adx_externalidentity" parentDisplayName="External Identity" />
      </MissingDependency>
      <MissingDependency>
        <Required key="50" type="10" schemaName="adx_contact_webpage" displayName="adx_contact_webpage" parentSchemaName="adx_webpage" parentDisplayName="Web Page" solution="MicrosoftPortalDependencies (9.2.10.0)" />
        <Dependent key="12" type="2" schemaName="adx_authoridyominame" parentSchemaName="adx_webpage" parentDisplayName="Web Page" />
      </MissingDependency>
      <MissingDependency>
        <Required key="47" type="10" schemaName="adx_invitation_redeemedContact" displayName="adx_invitation_redeemedContact" parentSchemaName="adx_invitation" parentDisplayName="Invitation" solution="MicrosoftPortalBase (9.2.10.0)" />
        <Dependent key="14" type="2" schemaName="adx_redeemedcontactname" parentSchemaName="adx_invitation" parentDisplayName="Invitation" />
      </MissingDependency>
      <MissingDependency>
        <Required key="44" type="10" schemaName="adx_webformsession_contact" displayName="adx_webformsession_contact" parentSchemaName="adx_webformsession" parentDisplayName="Web Form Session" solution="MicrosoftWebForms (9.1.7.2)" />
        <Dependent key="40" type="2" schemaName="adx_contactyominame" parentSchemaName="adx_webformsession" parentDisplayName="Web Form Session" />
      </MissingDependency>
      <MissingDependency>
        <Required key="73" type="10" schemaName="msa_account_managingpartner" displayName="msa_account_managingpartner" parentSchemaName="account" parentDisplayName="Account" solution="MicrosoftPortalDependencies (9.2.10.0)" />
        <Dependent key="85" type="2" schemaName="msa_managingpartneridname" parentSchemaName="account" parentDisplayName="Account" />
      </MissingDependency>
      <MissingDependency>
        <Required key="58" type="10" schemaName="adx_invitation_invitecontact" displayName="adx_invitation_invitecontact" parentSchemaName="adx_invitation" parentDisplayName="Invitation" solution="MicrosoftPortalBase (9.2.10.0)" />
        <Dependent key="38" type="2" schemaName="adx_invitecontactname" parentSchemaName="adx_invitation" parentDisplayName="Invitation" />
      </MissingDependency>
      <MissingDependency>
        <Required key="58" type="10" schemaName="adx_invitation_invitecontact" displayName="adx_invitation_invitecontact" parentSchemaName="adx_invitation" parentDisplayName="Invitation" solution="MicrosoftPortalBase (9.2.10.0)" />
        <Dependent key="58" type="10" schemaName="adx_invitation_invitecontact" displayName="adx_invitation_invitecontact" parentSchemaName="adx_invitation" parentDisplayName="Invitation" />
      </MissingDependency>
      <MissingDependency>
        <Required key="79" type="10" schemaName="adx_invitation_invitercontact" displayName="adx_invitation_invitercontact" parentSchemaName="adx_invitation" parentDisplayName="Invitation" solution="MicrosoftPortalBase (9.2.10.0)" />
        <Dependent key="79" type="10" schemaName="adx_invitation_invitercontact" displayName="adx_invitation_invitercontact" parentSchemaName="adx_invitation" parentDisplayName="Invitation" />
      </MissingDependency>
      <MissingDependency>
        <Required key="86" type="66" schemaName="MscrmControls.CardFeedContainer.CardFeedContainer" displayName="MscrmControls.CardFeedContainer.CardFeedContainer" solution="CustomControlsCore (9.1.0000.10968)" />
        <Dependent key="87" type="60" displayName="UO Contact" parentDisplayName="Contact" id="{1f9841fb-9f2c-ea11-a810-000d3a56963a}" />
      </MissingDependency>
    </MissingDependencies>
  </SolutionManifest>
</ImportExportXml>