{"schemaVersion":"1.0","appDefinitionTemplate":{"id":"/providers/Microsoft.PowerApps/apps/","type":"Microsoft.PowerApps/apps","tags":{"minimumRequiredApiVersion":"2.2.0"},"properties":{"appVersion":"2020-02-03T21:44:13Z","lifeCycleId":"Published","createdByClientVersion":{"major":3,"minor":20013,"build":29,"revision":0,"majorRevision":0,"minorRevision":0},"minClientVersion":{"major":3,"minor":20013,"build":29,"revision":0,"majorRevision":0,"minorRevision":0},"backgroundColor":"rgba(142, 140, 216, 1)","backgroundImageUri":"/6076661688116916114/Na742dd5a-f5d8-4726-9af7-79c8cbef784d-logoSmallFile","displayName":"AoU Engage","description":"","commitMessage":"","appUris":{"documentUri":{"value":"/6076661688116916114/N366403f2-0c83-4d91-9229-bf10e3d7c26d-document.msapp","readonlyValue":"/6076661688116916114/N366403f2-0c83-4d91-9229-bf10e3d7c26d-document.msapp"},"imageUris":[]},"createdTime":"0001-01-01T00:00:00Z","lastModifiedTime":"0001-01-01T00:00:00Z","sharedGroupsCount":0,"sharedUsersCount":0,"icons":{"smallIconUri":"/6076661688116916114/Nfca84c77-9349-49a7-b8b9-4195f716d5f8-small.png","mediumIconUri":"/6076661688116916114/Nfbaadd5c-8657-4a84-985d-a1ad16a3a377-medium.png","largeIconUri":"/6076661688116916114/Nc574acc0-0220-4663-8aed-c7f358e89f79-large.png","wideIconUri":"/6076661688116916114/N474d7cd5-4d6e-485a-b269-8a0d33c71266-wide.png"},"connectionReferences":{"6e6bb114-ef75-4206-aaac-2c395ec9e79a":{"id":"0da6364c-5e7c-4a97-a58a-d22f5b5383b3","displayName":"Office 365 Users","iconUri":"https://connectoricons-prod.azureedge.net/office365users/icon_1.0.1298.1845.png","dataSources":["Office365Users"],"dependencies":[],"dependents":[],"parameterHints":{},"isOnPremiseConnection":false,"bypassConsent":false,"dataSets":{},"apiTier":"Standard","isCustomApiConnection":false}},"authorizationReferences":[{"resourceId":"powerbi"}],"databaseReferences":{"default.cds":{"databaseDetails":{"referenceType":"Environmental","environmentName":"default.cds"},"dataSources":{"Contacts":{"entitySetName":"contacts","logicalName":"contact"},"Activities":{"entitySetName":"activitypointers","logicalName":"activitypointer"},"Users":{"entitySetName":"systemusers","logicalName":"systemuser"},"Phone Calls":{"entitySetName":"phonecalls","logicalName":"phonecall"},"Appointments":{"entitySetName":"appointments","logicalName":"appointment"},"HealthProNIHS":{"entitySetName":"crb8b_healthpronihs","logicalName":"crb8b_healthpronih"},"Clinics_1":{"entitySetName":"crb8b_clinics","logicalName":"crb8b_clinic"},"Teams":{"entitySetName":"teams","logicalName":"team"},"Themes_1":{"entitySetName":"themes","logicalName":"theme"},"Venues":{"entitySetName":"crb8b_venues","logicalName":"crb8b_venue"},"Locates_1":{"entitySetName":"crb8b_locates","logicalName":"crb8b_locate"},"System Tickets":{"entitySetName":"crb8b_systemtickets","logicalName":"crb8b_systemticket"}}}},"almMode":"Solution","performanceOptimizationEnabled":false,"canConsumeAppPass":true},"isAppComponentLibrary":false,"appComponents":[]}}