<ImportExportXml xmlns:xsi="http://www.w3.org/2001/XMLSchema-instance">
  <Entities></Entities>
  <Roles></Roles>
  <Workflows>
    <Workflow WorkflowId="{0e83b780-8e14-ea11-a811-000d3a56963a}" Name="AoU Enroll">
      <JsonFileName>/Workflows/AoUEnroll-0E83B780-8E14-EA11-A811-000D3A56963A.json</JsonFileName>
      <Type>1</Type>
      <Subprocess>0</Subprocess>
      <Category>5</Category>
      <Mode>0</Mode>
      <Scope>4</Scope>
      <OnDemand>0</OnDemand>
      <TriggerOnCreate>0</TriggerOnCreate>
      <TriggerOnDelete>0</TriggerOnDelete>
      <AsyncAutodelete>0</AsyncAutodelete>
      <SyncWorkflowLogOnFailure>0</SyncWorkflowLogOnFailure>
      <StateCode>1</StateCode>
      <StatusCode>2</StatusCode>
      <RunAs>1</RunAs>
      <IsTransacted>1</IsTransacted>
      <IntroducedVersion>1.0</IntroducedVersion>
      <IsCustomizable>1</IsCustomizable>
      <BusinessProcessType>0</BusinessProcessType>
      <PrimaryEntity>none</PrimaryEntity>
      <LocalizedNames>
        <LocalizedName languagecode="1033" description="AoU Enroll" />
      </LocalizedNames>
    </Workflow>
    <Workflow WorkflowId="{0f83b780-8e14-ea11-a811-000d3a56963a}" Name="AoU Check In">
      <JsonFileName>/Workflows/AoUCheckIn-0F83B780-8E14-EA11-A811-000D3A56963A.json</JsonFileName>
      <Type>1</Type>
      <Subprocess>0</Subprocess>
      <Category>5</Category>
      <Mode>0</Mode>
      <Scope>4</Scope>
      <OnDemand>0</OnDemand>
      <TriggerOnCreate>0</TriggerOnCreate>
      <TriggerOnDelete>0</TriggerOnDelete>
      <AsyncAutodelete>0</AsyncAutodelete>
      <SyncWorkflowLogOnFailure>0</SyncWorkflowLogOnFailure>
      <StateCode>1</StateCode>
      <StatusCode>2</StatusCode>
      <RunAs>1</RunAs>
      <IsTransacted>1</IsTransacted>
      <IntroducedVersion>1.0</IntroducedVersion>
      <IsCustomizable>1</IsCustomizable>
      <BusinessProcessType>0</BusinessProcessType>
      <PrimaryEntity>none</PrimaryEntity>
      <LocalizedNames>
        <LocalizedName languagecode="1033" description="AoU Check In" />
      </LocalizedNames>
    </Workflow>
  </Workflows>
  <FieldSecurityProfiles></FieldSecurityProfiles>
  <Templates />
  <EntityMaps />
  <EntityRelationships />
  <OrganizationSettings />
  <optionsets />
  <CustomControls />
  <EntityDataProviders />
  <CanvasApps>
    <CanvasApp>
      <Name>uo_aouengage_a0f57</Name>
      <AppVersion>2020-01-28T21:42:44Z</AppVersion>
      <Status>Ready</Status>
      <CreatedByClientVersion>3.19123.15.0</CreatedByClientVersion>
      <MinClientVersion>3.19123.15.0</MinClientVersion>
      <Tags>{"primaryDeviceWidth":"1366","primaryDeviceHeight":"768","sienaVersion":"b9ffb5eb-e0dd-4226-8296-bda198b5c787","deviceCapabilities":"location","supportsPortrait":"false","supportsLandscape":"true","primaryFormFactor":"Tablet","publisherVersion":"3.19123.15","minimumRequiredApiVersion":"2.2.0","hasComponent":"true","hasNonOOBComponent":"true","hasUnlockedComponent":"true"}</Tags>
      <IsCdsUpgraded>0</IsCdsUpgraded>
      <GalleryItemId xsi:nil="true"></GalleryItemId>
      <BackgroundColor>rgba(142, 140, 216, 1)</BackgroundColor>
      <DisplayName>AoU Engage</DisplayName>
      <Description xsi:nil="true"></Description>
      <CommitMessage xsi:nil="true"></CommitMessage>
      <Publisher xsi:nil="true"></Publisher>
      <AuthorizationReferences>[{"resourceId":"powerbi"}]</AuthorizationReferences>
      <ConnectionReferences>{"6e6bb114-ef75-4206-aaac-2c395ec9e79a":{"id":"/providers/microsoft.powerapps/apis/shared_office365users","displayName":"Office 365 Users","iconUri":"https://connectoricons-prod.azureedge.net/office365users/icon_1.0.1298.1845.png","dataSources":["Office365Users"],"dependencies":[],"dependents":[],"parameterHints":{},"isOnPremiseConnection":false,"bypassConsent":false,"dataSets":{},"apiTier":"Standard"}}</ConnectionReferences>
      <DatabaseReferences>{"default.cds":{"databaseDetails":{"referenceType":"Environmental","environmentName":"default.cds"},"dataSources":{"Contacts":{"entitySetName":"contacts","logicalName":"contact"},"Activities":{"entitySetName":"activitypointers","logicalName":"activitypointer"},"Users":{"entitySetName":"systemusers","logicalName":"systemuser"},"Phone Calls":{"entitySetName":"phonecalls","logicalName":"phonecall"},"Appointments":{"entitySetName":"appointments","logicalName":"appointment"},"HealthProNIHS":{"entitySetName":"crb8b_healthpronihs","logicalName":"crb8b_healthpronih"},"Clinics_1":{"entitySetName":"crb8b_clinics","logicalName":"crb8b_clinic"},"Teams":{"entitySetName":"teams","logicalName":"team"},"Themes_1":{"entitySetName":"themes","logicalName":"theme"},"Venues":{"entitySetName":"crb8b_venues","logicalName":"crb8b_venue"},"Locates_1":{"entitySetName":"crb8b_locates","logicalName":"crb8b_locate"},"System Tickets":{"entitySetName":"crb8b_systemtickets","logicalName":"crb8b_systemticket"}}}}</DatabaseReferences>
      <BypassConsent>0</BypassConsent>
      <AdminControlBypassConsent>0</AdminControlBypassConsent>
      <EmbeddedApp xsi:nil="true"></EmbeddedApp>
      <IntroducedVersion>1.0</IntroducedVersion>
      <CdsDependencies>{"cdsdependencies":[{"logicalname":"contact","componenttype":1},{"logicalname":"activitypointer","componenttype":1},{"logicalname":"systemuser","componenttype":1},{"logicalname":"phonecall","componenttype":1},{"logicalname":"appointment","componenttype":1},{"logicalname":"crb8b_healthpronih","componenttype":1},{"logicalname":"crb8b_clinic","componenttype":1},{"logicalname":"team","componenttype":1},{"logicalname":"theme","componenttype":1},{"logicalname":"crb8b_venue","componenttype":1},{"logicalname":"crb8b_locate","componenttype":1},{"logicalname":"crb8b_systemticket","componenttype":1}]}</CdsDependencies>
      <BackgroundImageUri>/CanvasApps/uo_aouengage_a0f57_BackgroundImageUri</BackgroundImageUri>
      <DocumentUri>/CanvasApps/uo_aouengage_a0f57_DocumentUri.msapp</DocumentUri>
    </CanvasApp>
    <CanvasApp>
      <Name>uo_aouenroll_4ca7e</Name>
      <AppVersion>2020-01-26T00:26:15Z</AppVersion>
      <Status>Ready</Status>
      <CreatedByClientVersion>3.19123.15.0</CreatedByClientVersion>
      <MinClientVersion>3.19123.15.0</MinClientVersion>
      <Tags>{"primaryDeviceWidth":"768","primaryDeviceHeight":"1366","sienaVersion":"87b49e71-087e-470f-bf65-2f5287c910a5","deviceCapabilities":"","supportsPortrait":"true","supportsLandscape":"false","primaryFormFactor":"Tablet","publisherVersion":"3.19123.15","minimumRequiredApiVersion":"2.2.0","hasComponent":"true","hasNonOOBComponent":"true","hasUnlockedComponent":"true"}</Tags>
      <IsCdsUpgraded>0</IsCdsUpgraded>
      <GalleryItemId xsi:nil="true"></GalleryItemId>
      <BackgroundColor>rgba(142, 140, 216, 1)</BackgroundColor>
      <DisplayName>AoU Enroll</DisplayName>
      <Description xsi:nil="true"></Description>
      <CommitMessage xsi:nil="true"></CommitMessage>
      <Publisher xsi:nil="true"></Publisher>
      <AuthorizationReferences>[{"resourceId":"powerbi"}]</AuthorizationReferences>
      <ConnectionReferences>{"6e6bb114-ef75-4206-aaac-2c395ec9e79a":{"id":"/providers/microsoft.powerapps/apis/shared_office365users","displayName":"Office 365 Users","iconUri":"https://connectoricons-prod.azureedge.net/office365users/icon_1.0.1298.1845.png","dataSources":["Office365Users"],"dependencies":[],"dependents":[],"parameterHints":{},"isOnPremiseConnection":false,"bypassConsent":false,"dataSets":{},"apiTier":"Standard"}}</ConnectionReferences>
      <DatabaseReferences>{"default.cds":{"databaseDetails":{"referenceType":"Environmental","environmentName":"default.cds"},"dataSources":{"Contacts":{"entitySetName":"contacts","logicalName":"contact"},"Activities":{"entitySetName":"activitypointers","logicalName":"activitypointer"},"Users":{"entitySetName":"systemusers","logicalName":"systemuser"},"Phone Calls":{"entitySetName":"phonecalls","logicalName":"phonecall"},"Appointments":{"entitySetName":"appointments","logicalName":"appointment"},"HealthProNIHS":{"entitySetName":"crb8b_healthpronihs","logicalName":"crb8b_healthpronih"},"Clinics_1":{"entitySetName":"crb8b_clinics","logicalName":"crb8b_clinic"},"Teams":{"entitySetName":"teams","logicalName":"team"},"Themes_1":{"entitySetName":"themes","logicalName":"theme"},"AoU Enrolls":{"entitySetName":"crb8b_aouenrolls","logicalName":"crb8b_aouenroll"}}}}</DatabaseReferences>
      <BypassConsent>0</BypassConsent>
      <AdminControlBypassConsent>0</AdminControlBypassConsent>
      <EmbeddedApp xsi:nil="true"></EmbeddedApp>
      <IntroducedVersion>1.0</IntroducedVersion>
      <CdsDependencies>{"cdsdependencies":[{"logicalname":"contact","componenttype":1},{"logicalname":"activitypointer","componenttype":1},{"logicalname":"systemuser","componenttype":1},{"logicalname":"phonecall","componenttype":1},{"logicalname":"appointment","componenttype":1},{"logicalname":"crb8b_healthpronih","componenttype":1},{"logicalname":"crb8b_clinic","componenttype":1},{"logicalname":"team","componenttype":1},{"logicalname":"theme","componenttype":1},{"logicalname":"crb8b_aouenroll","componenttype":1}]}</CdsDependencies>
      <BackgroundImageUri>/CanvasApps/uo_aouenroll_4ca7e_BackgroundImageUri</BackgroundImageUri>
      <DocumentUri>/CanvasApps/uo_aouenroll_4ca7e_DocumentUri.msapp</DocumentUri>
    </CanvasApp>
  </CanvasApps>
  <Languages>
    <Language>1033</Language>
  </Languages>
</ImportExportXml>