<ImportExportXml version="9.1.0.11732" SolutionPackageVersion="9.1" languagecode="1033" generatedBy="CrmLive" xmlns:xsi="http://www.w3.org/2001/XMLSchema-instance">
  <SolutionManifest>
    <UniqueName>AoUEngagementApplications</UniqueName>
    <LocalizedNames>
      <LocalizedName description="AoU Engagement Applications Layer" languagecode="1033" />
    </LocalizedNames>
    <Descriptions>
      <Description description="AoU Engage&#xA;Aou Enroll&#xA;AoU Check In Flow&#xA;AoU Enroll Flow" languagecode="1033" />
    </Descriptions>
    <Version>1.1</Version>
    <Managed>0</Managed>
    <Publisher>
      <UniqueName>urbanoutsourcing</UniqueName>
      <LocalizedNames>
        <LocalizedName description="Urban Outsourcing" languagecode="1033" />
      </LocalizedNames>
      <Descriptions />
      <EMailAddress xsi:nil="true"></EMailAddress>
      <SupportingWebsiteUrl xsi:nil="true"></SupportingWebsiteUrl>
      <CustomizationPrefix>uo</CustomizationPrefix>
      <CustomizationOptionValuePrefix>93666</CustomizationOptionValuePrefix>
      <Addresses>
        <Address>
          <AddressNumber>1</AddressNumber>
          <AddressTypeCode>1</AddressTypeCode>
          <City xsi:nil="true"></City>
          <County xsi:nil="true"></County>
          <Country xsi:nil="true"></Country>
          <Fax xsi:nil="true"></Fax>
          <FreightTermsCode xsi:nil="true"></FreightTermsCode>
          <ImportSequenceNumber xsi:nil="true"></ImportSequenceNumber>
          <Latitude xsi:nil="true"></Latitude>
          <Line1 xsi:nil="true"></Line1>
          <Line2 xsi:nil="true"></Line2>
          <Line3 xsi:nil="true"></Line3>
          <Longitude xsi:nil="true"></Longitude>
          <Name xsi:nil="true"></Name>
          <PostalCode xsi:nil="true"></PostalCode>
          <PostOfficeBox xsi:nil="true"></PostOfficeBox>
          <PrimaryContactName xsi:nil="true"></PrimaryContactName>
          <ShippingMethodCode>1</ShippingMethodCode>
          <StateOrProvince xsi:nil="true"></StateOrProvince>
          <Telephone1 xsi:nil="true"></Telephone1>
          <Telephone2 xsi:nil="true"></Telephone2>
          <Telephone3 xsi:nil="true"></Telephone3>
          <TimeZoneRuleVersionNumber xsi:nil="true"></TimeZoneRuleVersionNumber>
          <UPSZone xsi:nil="true"></UPSZone>
          <UTCOffset xsi:nil="true"></UTCOffset>
          <UTCConversionTimeZoneCode xsi:nil="true"></UTCConversionTimeZoneCode>
        </Address>
        <Address>
          <AddressNumber>2</AddressNumber>
          <AddressTypeCode>1</AddressTypeCode>
          <City xsi:nil="true"></City>
          <County xsi:nil="true"></County>
          <Country xsi:nil="true"></Country>
          <Fax xsi:nil="true"></Fax>
          <FreightTermsCode xsi:nil="true"></FreightTermsCode>
          <ImportSequenceNumber xsi:nil="true"></ImportSequenceNumber>
          <Latitude xsi:nil="true"></Latitude>
          <Line1 xsi:nil="true"></Line1>
          <Line2 xsi:nil="true"></Line2>
          <Line3 xsi:nil="true"></Line3>
          <Longitude xsi:nil="true"></Longitude>
          <Name xsi:nil="true"></Name>
          <PostalCode xsi:nil="true"></PostalCode>
          <PostOfficeBox xsi:nil="true"></PostOfficeBox>
          <PrimaryContactName xsi:nil="true"></PrimaryContactName>
          <ShippingMethodCode>1</ShippingMethodCode>
          <StateOrProvince xsi:nil="true"></StateOrProvince>
          <Telephone1 xsi:nil="true"></Telephone1>
          <Telephone2 xsi:nil="true"></Telephone2>
          <Telephone3 xsi:nil="true"></Telephone3>
          <TimeZoneRuleVersionNumber xsi:nil="true"></TimeZoneRuleVersionNumber>
          <UPSZone xsi:nil="true"></UPSZone>
          <UTCOffset xsi:nil="true"></UTCOffset>
          <UTCConversionTimeZoneCode xsi:nil="true"></UTCConversionTimeZoneCode>
        </Address>
      </Addresses>
    </Publisher>
    <RootComponents>
      <RootComponent type="29" id="{0e83b780-8e14-ea11-a811-000d3a56963a}" behavior="0" />
      <RootComponent type="29" id="{0f83b780-8e14-ea11-a811-000d3a56963a}" behavior="0" />
      <RootComponent type="300" schemaName="uo_aouengage_a0f57" behavior="0" />
      <RootComponent type="300" schemaName="uo_aouenroll_4ca7e" behavior="0" />
    </RootComponents>
    <MissingDependencies>
      <MissingDependency>
        <Required key="0" type="1" schemaName="crb8b_clinic" displayName="Clinics" solution="Active" />
        <Dependent key="1" type="300" schemaName="uo_aouenroll_4ca7e" displayName="AoU Enroll" />
      </MissingDependency>
      <MissingDependency>
        <Required key="2" type="1" schemaName="crb8b_healthpronih" displayName="Participants" solution="Active" />
        <Dependent key="1" type="300" schemaName="uo_aouenroll_4ca7e" displayName="AoU Enroll" />
      </MissingDependency>
      <MissingDependency>
        <Required key="3" type="1" schemaName="crb8b_aouenroll" displayName="AoU Enroll" solution="Active" />
        <Dependent key="1" type="300" schemaName="uo_aouenroll_4ca7e" displayName="AoU Enroll" />
      </MissingDependency>
      <MissingDependency>
        <Required key="4" type="1" schemaName="crb8b_venue" displayName="Venue" solution="Active" />
        <Dependent key="5" type="300" schemaName="uo_aouengage_a0f57" displayName="AoU Engage" />
      </MissingDependency>
      <MissingDependency>
        <Required key="6" type="1" schemaName="crb8b_systemticket" displayName="System Ticket" solution="Active" />
        <Dependent key="5" type="300" schemaName="uo_aouengage_a0f57" displayName="AoU Engage" />
      </MissingDependency>
      <MissingDependency>
        <Required key="2" type="1" schemaName="crb8b_healthpronih" displayName="Participants" solution="Active" />
        <Dependent key="5" type="300" schemaName="uo_aouengage_a0f57" displayName="AoU Engage" />
      </MissingDependency>
      <MissingDependency>
        <Required key="0" type="1" schemaName="crb8b_clinic" displayName="Clinics" solution="Active" />
        <Dependent key="5" type="300" schemaName="uo_aouengage_a0f57" displayName="AoU Engage" />
      </MissingDependency>
      <MissingDependency>
        <Required key="7" type="1" schemaName="crb8b_locate" displayName="Locate" solution="Active" />
        <Dependent key="5" type="300" schemaName="uo_aouengage_a0f57" displayName="AoU Engage" />
      </MissingDependency>
    </MissingDependencies>
  </SolutionManifest>
</ImportExportXml>